entry,at,order
"The player ""arash! @ PB93yGRdRr"" quits the game with a stack of 3690.",2026-02-09T14:01:22.151Z,177064568215100
"The player ""Neku @ HZmCRZd6SG"" quits the game with a stack of 2840.",2026-02-09T14:00:59.877Z,177064565987700
"The player ""engawa @ cCFXQyltQ-"" quits the game with a stack of 2040.",2026-02-09T14:00:55.921Z,177064565592100
"The player ""ゴン02（江戸犬） @ AblUkPGGlZ"" quits the game with a stack of 2753.",2026-02-09T14:00:50.775Z,177064565077500
"The player ""揚げもち @ 3liBhfdN10"" quits the game with a stack of 2225.",2026-02-09T14:00:47.002Z,177064564700202
"The player ""すとふぁ @ M4pyIQvfB9"" quits the game with a stack of 3160.",2026-02-09T14:00:47.002Z,177064564700201
"The player ""すとふぁ @ M4pyIQvfB9"" stand up with the stack of 3160.",2026-02-09T14:00:47.002Z,177064564700200
"-- ending hand #50 --",2026-02-09T14:00:41.000Z,177064564100002
"""arash! @ PB93yGRdRr"" collected 1880 from pot with Two Pair, K's & 4's (combination: J♠, 4♣, 4♦, K♣, K♦)",2026-02-09T14:00:41.000Z,177064564100001
"""arash! @ PB93yGRdRr"" shows a 4♣, K♣.",2026-02-09T14:00:41.000Z,177064564100000
"""engawa @ cCFXQyltQ-"" calls 470",2026-02-09T14:00:40.190Z,177064564019000
"""arash! @ PB93yGRdRr"" bets 470",2026-02-09T14:00:15.675Z,177064561567500
"The admin ""Guest @ fXxZKORuuu"" enqueued the game stop on next hand.",2026-02-09T14:00:07.903Z,177064560790300
"River: J♠, 4♦, K♦, 5♦ [2♠]",2026-02-09T14:00:04.713Z,177064560471300
"""engawa @ cCFXQyltQ-"" calls 235",2026-02-09T14:00:03.864Z,177064560386400
"""arash! @ PB93yGRdRr"" bets 235",2026-02-09T13:59:51.857Z,177064559185700
"Turn: J♠, 4♦, K♦ [5♦]",2026-02-09T13:59:42.754Z,177064558275400
"""engawa @ cCFXQyltQ-"" calls 190",2026-02-09T13:59:41.922Z,177064558192200
"""arash! @ PB93yGRdRr"" raises to 190",2026-02-09T13:59:23.166Z,177064556316600
"""engawa @ cCFXQyltQ-"" bets 45",2026-02-09T13:59:16.809Z,177064555680900
"""arash! @ PB93yGRdRr"" checks",2026-02-09T13:59:01.467Z,177064554146700
"Flop:  [J♠, 4♦, K♦]",2026-02-09T13:58:59.745Z,177064553974500
"""arash! @ PB93yGRdRr"" calls 40",2026-02-09T13:58:58.920Z,177064553892000
"""Neku @ HZmCRZd6SG"" folds",2026-02-09T13:58:54.633Z,177064553463300
"""engawa @ cCFXQyltQ-"" raises to 40",2026-02-09T13:58:50.996Z,177064553099600
"""すとふぁ @ M4pyIQvfB9"" folds",2026-02-09T13:58:47.458Z,177064552745800
"""揚げもち @ 3liBhfdN10"" folds",2026-02-09T13:58:46.375Z,177064552637500
"""ゴン02（江戸犬） @ AblUkPGGlZ"" folds",2026-02-09T13:58:45.277Z,177064552527700
"""arash! @ PB93yGRdRr"" posts a big blind of 20",2026-02-09T13:58:41.569Z,177064552156909
"""Neku @ HZmCRZd6SG"" posts a small blind of 10",2026-02-09T13:58:41.569Z,177064552156908
"Player stacks: #1 ""engawa @ cCFXQyltQ-"" (2975) | #2 ""Neku @ HZmCRZd6SG"" (2850) | #6 ""arash! @ PB93yGRdRr"" (2745) | #7 ""ゴン02（江戸犬） @ AblUkPGGlZ"" (2753) | #8 ""揚げもち @ 3liBhfdN10"" (2225) | #9 ""すとふぁ @ M4pyIQvfB9"" (3160)",2026-02-09T13:58:41.569Z,177064552156901
"-- starting hand #50 (id: n9cwkemeowii)  No Limit Texas Hold'em (dealer: ""engawa @ cCFXQyltQ-"") --",2026-02-09T13:58:41.569Z,177064552156900
"-- ending hand #49 --",2026-02-09T13:58:38.652Z,177064551865202
"""Neku @ HZmCRZd6SG"" collected 110 from pot",2026-02-09T13:58:38.652Z,177064551865201
"Uncalled bet of 150 returned to ""Neku @ HZmCRZd6SG""",2026-02-09T13:58:38.652Z,177064551865200
"""すとふぁ @ M4pyIQvfB9"" folds",2026-02-09T13:58:37.846Z,177064551784600
"""Neku @ HZmCRZd6SG"" raises to 200",2026-02-09T13:58:34.603Z,177064551460300
"""engawa @ cCFXQyltQ-"" folds",2026-02-09T13:58:28.593Z,177064550859300
"""すとふぁ @ M4pyIQvfB9"" raises to 50",2026-02-09T13:58:26.817Z,177064550681700
"""揚げもち @ 3liBhfdN10"" folds",2026-02-09T13:58:22.427Z,177064550242700
"""ゴン02（江戸犬） @ AblUkPGGlZ"" folds",2026-02-09T13:58:21.367Z,177064550136700
"""arash! @ PB93yGRdRr"" folds",2026-02-09T13:58:19.647Z,177064549964700
"""Neku @ HZmCRZd6SG"" posts a big blind of 20",2026-02-09T13:58:18.115Z,177064549811509
"""engawa @ cCFXQyltQ-"" posts a small blind of 10",2026-02-09T13:58:18.115Z,177064549811508
"Player stacks: #1 ""engawa @ cCFXQyltQ-"" (2985) | #2 ""Neku @ HZmCRZd6SG"" (2790) | #6 ""arash! @ PB93yGRdRr"" (2745) | #7 ""ゴン02（江戸犬） @ AblUkPGGlZ"" (2753) | #8 ""揚げもち @ 3liBhfdN10"" (2225) | #9 ""すとふぁ @ M4pyIQvfB9"" (3210)",2026-02-09T13:58:18.115Z,177064549811501
"-- starting hand #49 (id: nljlunyesoq9)  No Limit Texas Hold'em (dealer: ""すとふぁ @ M4pyIQvfB9"") --",2026-02-09T13:58:18.115Z,177064549811500
"-- ending hand #48 --",2026-02-09T13:58:15.211Z,177064549521102
"""ゴン02（江戸犬） @ AblUkPGGlZ"" collected 102 from pot",2026-02-09T13:58:15.211Z,177064549521101
"Uncalled bet of 76 returned to ""ゴン02（江戸犬） @ AblUkPGGlZ""",2026-02-09T13:58:15.211Z,177064549521100
"""engawa @ cCFXQyltQ-"" folds",2026-02-09T13:58:14.382Z,177064549438200
"""ゴン02（江戸犬） @ AblUkPGGlZ"" bets 76",2026-02-09T13:58:13.360Z,177064549336000
"""engawa @ cCFXQyltQ-"" checks",2026-02-09T13:58:01.304Z,177064548130400
"Flop:  [A♦, Q♦, 9♣]",2026-02-09T13:57:59.472Z,177064547947200
"""engawa @ cCFXQyltQ-"" calls 46",2026-02-09T13:57:58.661Z,177064547866100
"""すとふぁ @ M4pyIQvfB9"" folds",2026-02-09T13:57:55.776Z,177064547577600
"""揚げもち @ 3liBhfdN10"" folds",2026-02-09T13:57:50.912Z,177064547091200
"""ゴン02（江戸犬） @ AblUkPGGlZ"" raises to 46",2026-02-09T13:57:49.902Z,177064546990200
"""arash! @ PB93yGRdRr"" folds",2026-02-09T13:57:44.760Z,177064546476000
"""Neku @ HZmCRZd6SG"" folds",2026-02-09T13:57:43.719Z,177064546371900
"""engawa @ cCFXQyltQ-"" posts a big blind of 20",2026-02-09T13:57:41.491Z,177064546149109
"""すとふぁ @ M4pyIQvfB9"" posts a small blind of 10",2026-02-09T13:57:41.491Z,177064546149108
"Player stacks: #1 ""engawa @ cCFXQyltQ-"" (3031) | #2 ""Neku @ HZmCRZd6SG"" (2790) | #6 ""arash! @ PB93yGRdRr"" (2745) | #7 ""ゴン02（江戸犬） @ AblUkPGGlZ"" (2697) | #8 ""揚げもち @ 3liBhfdN10"" (2225) | #9 ""すとふぁ @ M4pyIQvfB9"" (3220)",2026-02-09T13:57:41.491Z,177064546149101
"-- starting hand #48 (id: isk43hwmqm2u)  No Limit Texas Hold'em (dealer: ""揚げもち @ 3liBhfdN10"") --",2026-02-09T13:57:41.491Z,177064546149100
"-- ending hand #47 --",2026-02-09T13:57:38.576Z,177064545857602
"""すとふぁ @ M4pyIQvfB9"" collected 20 from pot",2026-02-09T13:57:38.576Z,177064545857601
"Uncalled bet of 10 returned to ""すとふぁ @ M4pyIQvfB9""",2026-02-09T13:57:38.576Z,177064545857600
"""揚げもち @ 3liBhfdN10"" folds",2026-02-09T13:57:37.773Z,177064545777300
"""ゴン02（江戸犬） @ AblUkPGGlZ"" folds",2026-02-09T13:57:36.700Z,177064545670000
"""arash! @ PB93yGRdRr"" folds",2026-02-09T13:57:35.679Z,177064545567900
"""Neku @ HZmCRZd6SG"" folds",2026-02-09T13:57:34.628Z,177064545462800
"""engawa @ cCFXQyltQ-"" folds",2026-02-09T13:57:33.600Z,177064545360000
"""すとふぁ @ M4pyIQvfB9"" posts a big blind of 20",2026-02-09T13:57:26.904Z,177064544690409
"""揚げもち @ 3liBhfdN10"" posts a small blind of 10",2026-02-09T13:57:26.904Z,177064544690408
"Player stacks: #1 ""engawa @ cCFXQyltQ-"" (3031) | #2 ""Neku @ HZmCRZd6SG"" (2790) | #6 ""arash! @ PB93yGRdRr"" (2745) | #7 ""ゴン02（江戸犬） @ AblUkPGGlZ"" (2697) | #8 ""揚げもち @ 3liBhfdN10"" (2235) | #9 ""すとふぁ @ M4pyIQvfB9"" (3210)",2026-02-09T13:57:26.904Z,177064544690401
"-- starting hand #47 (id: dcamwjpnelov)  No Limit Texas Hold'em (dealer: ""ゴン02（江戸犬） @ AblUkPGGlZ"") --",2026-02-09T13:57:26.904Z,177064544690400
"-- ending hand #46 --",2026-02-09T13:57:20.902Z,177064544090202
"""揚げもち @ 3liBhfdN10"" collected 300 from pot with Flush, K High (combination: 5♥, 7♥, 8♥, J♥, K♥)",2026-02-09T13:57:20.902Z,177064544090201
"""揚げもち @ 3liBhfdN10"" shows a 7♥, K♥.",2026-02-09T13:57:20.902Z,177064544090200
"""すとふぁ @ M4pyIQvfB9"" calls 40",2026-02-09T13:57:20.092Z,177064544009200
"""揚げもち @ 3liBhfdN10"" bets 40",2026-02-09T13:57:17.144Z,177064543714400
"River: 5♥, J♥, Q♦, 8♥ [10♣]",2026-02-09T13:57:04.663Z,177064542466300
"""揚げもち @ 3liBhfdN10"" calls 65",2026-02-09T13:57:03.796Z,177064542379600
"""すとふぁ @ M4pyIQvfB9"" bets 65",2026-02-09T13:56:56.237Z,177064541623700
"""揚げもち @ 3liBhfdN10"" checks",2026-02-09T13:56:41.908Z,177064540190800
"Turn: 5♥, J♥, Q♦ [8♥]",2026-02-09T13:56:38.738Z,177064539873800
"""すとふぁ @ M4pyIQvfB9"" checks",2026-02-09T13:56:37.923Z,177064539792300
"""揚げもち @ 3liBhfdN10"" checks",2026-02-09T13:56:30.355Z,177064539035500
"Flop:  [5♥, J♥, Q♦]",2026-02-09T13:56:28.332Z,177064538833200
"""揚げもち @ 3liBhfdN10"" calls 40",2026-02-09T13:56:27.461Z,177064538746100
"""ゴン02（江戸犬） @ AblUkPGGlZ"" folds",2026-02-09T13:56:25.037Z,177064538503700
"""arash! @ PB93yGRdRr"" folds",2026-02-09T13:56:23.169Z,177064538316900
"""Neku @ HZmCRZd6SG"" folds",2026-02-09T13:56:22.128Z,177064538212800
"""engawa @ cCFXQyltQ-"" folds",2026-02-09T13:56:21.115Z,177064538111500
"""すとふぁ @ M4pyIQvfB9"" raises to 40",2026-02-09T13:56:20.026Z,177064538002600
"""揚げもち @ 3liBhfdN10"" posts a big blind of 20",2026-02-09T13:56:16.436Z,177064537643609
"""ゴン02（江戸犬） @ AblUkPGGlZ"" posts a small blind of 10",2026-02-09T13:56:16.436Z,177064537643608
"Player stacks: #1 ""engawa @ cCFXQyltQ-"" (3031) | #2 ""Neku @ HZmCRZd6SG"" (2790) | #6 ""arash! @ PB93yGRdRr"" (2745) | #7 ""ゴン02（江戸犬） @ AblUkPGGlZ"" (2707) | #8 ""揚げもち @ 3liBhfdN10"" (2080) | #9 ""すとふぁ @ M4pyIQvfB9"" (3355)",2026-02-09T13:56:16.436Z,177064537643601
"-- starting hand #46 (id: l2biigvsedwd)  No Limit Texas Hold'em (dealer: ""arash! @ PB93yGRdRr"") --",2026-02-09T13:56:16.436Z,177064537643600
"-- ending hand #45 --",2026-02-09T13:56:13.517Z,177064537351702
"""すとふぁ @ M4pyIQvfB9"" collected 50 from pot",2026-02-09T13:56:13.517Z,177064537351701
"Uncalled bet of 30 returned to ""すとふぁ @ M4pyIQvfB9""",2026-02-09T13:56:13.517Z,177064537351700
"""ゴン02（江戸犬） @ AblUkPGGlZ"" folds",2026-02-09T13:56:12.630Z,177064537263000
"""arash! @ PB93yGRdRr"" folds",2026-02-09T13:56:11.594Z,177064537159400
"""Neku @ HZmCRZd6SG"" folds",2026-02-09T13:56:06.395Z,177064536639500
"""engawa @ cCFXQyltQ-"" folds",2026-02-09T13:56:04.959Z,177064536495900
"""すとふぁ @ M4pyIQvfB9"" raises to 50",2026-02-09T13:56:03.938Z,177064536393800
"""揚げもち @ 3liBhfdN10"" folds",2026-02-09T13:56:00.621Z,177064536062100
"""ゴン02（江戸犬） @ AblUkPGGlZ"" posts a big blind of 20",2026-02-09T13:55:57.254Z,177064535725409
"""arash! @ PB93yGRdRr"" posts a small blind of 10",2026-02-09T13:55:57.254Z,177064535725408
"Player stacks: #1 ""engawa @ cCFXQyltQ-"" (3031) | #2 ""Neku @ HZmCRZd6SG"" (2790) | #6 ""arash! @ PB93yGRdRr"" (2755) | #7 ""ゴン02（江戸犬） @ AblUkPGGlZ"" (2727) | #8 ""揚げもち @ 3liBhfdN10"" (2080) | #9 ""すとふぁ @ M4pyIQvfB9"" (3325)",2026-02-09T13:55:57.254Z,177064535725401
"-- starting hand #45 (id: 45nrz3dn9pnq)  No Limit Texas Hold'em (dealer: ""Neku @ HZmCRZd6SG"") --",2026-02-09T13:55:57.254Z,177064535725400
"-- ending hand #44 --",2026-02-09T13:55:54.304Z,177064535430402
"""Neku @ HZmCRZd6SG"" collected 100 from pot",2026-02-09T13:55:54.304Z,177064535430401
"Uncalled bet of 110 returned to ""Neku @ HZmCRZd6SG""",2026-02-09T13:55:54.304Z,177064535430400
"""ゴン02（江戸犬） @ AblUkPGGlZ"" folds",2026-02-09T13:55:53.462Z,177064535346200
"""arash! @ PB93yGRdRr"" folds",2026-02-09T13:55:52.443Z,177064535244300
"""Neku @ HZmCRZd6SG"" raises to 150",2026-02-09T13:55:51.412Z,177064535141200
"""engawa @ cCFXQyltQ-"" folds",2026-02-09T13:55:40.287Z,177064534028700
"""すとふぁ @ M4pyIQvfB9"" folds",2026-02-09T13:55:39.252Z,177064533925200
"""揚げもち @ 3liBhfdN10"" folds",2026-02-09T13:55:38.179Z,177064533817900
"""ゴン02（江戸犬） @ AblUkPGGlZ"" raises to 40",2026-02-09T13:55:37.121Z,177064533712100
"""arash! @ PB93yGRdRr"" posts a big blind of 20",2026-02-09T13:55:32.976Z,177064533297609
"""Neku @ HZmCRZd6SG"" posts a small blind of 10",2026-02-09T13:55:32.976Z,177064533297608
"Player stacks: #1 ""engawa @ cCFXQyltQ-"" (3031) | #2 ""Neku @ HZmCRZd6SG"" (2730) | #6 ""arash! @ PB93yGRdRr"" (2775) | #7 ""ゴン02（江戸犬） @ AblUkPGGlZ"" (2767) | #8 ""揚げもち @ 3liBhfdN10"" (2080) | #9 ""すとふぁ @ M4pyIQvfB9"" (3325)",2026-02-09T13:55:32.976Z,177064533297601
"-- starting hand #44 (id: lx5xgyttq3yu)  No Limit Texas Hold'em (dealer: ""engawa @ cCFXQyltQ-"") --",2026-02-09T13:55:32.976Z,177064533297600
"-- ending hand #43 --",2026-02-09T13:55:30.042Z,177064533004202
"""揚げもち @ 3liBhfdN10"" collected 110 from pot",2026-02-09T13:55:30.042Z,177064533004201
"Uncalled bet of 35 returned to ""揚げもち @ 3liBhfdN10""",2026-02-09T13:55:30.042Z,177064533004200
"""Neku @ HZmCRZd6SG"" folds",2026-02-09T13:55:29.190Z,177064532919000
"""揚げもち @ 3liBhfdN10"" bets 35",2026-02-09T13:55:16.447Z,177064531644700
"""Neku @ HZmCRZd6SG"" checks",2026-02-09T13:55:10.294Z,177064531029400
"Flop:  [4♥, A♥, A♠]",2026-02-09T13:55:07.053Z,177064530705300
"""Neku @ HZmCRZd6SG"" calls 50",2026-02-09T13:55:06.248Z,177064530624800
"""engawa @ cCFXQyltQ-"" folds",2026-02-09T13:55:02.894Z,177064530289400
"""すとふぁ @ M4pyIQvfB9"" folds",2026-02-09T13:55:00.307Z,177064530030700
"""揚げもち @ 3liBhfdN10"" raises to 50",2026-02-09T13:54:58.755Z,177064529875500
"""ゴン02（江戸犬） @ AblUkPGGlZ"" folds",2026-02-09T13:54:52.925Z,177064529292500
"""arash! @ PB93yGRdRr"" folds",2026-02-09T13:54:51.899Z,177064529189900
"""Neku @ HZmCRZd6SG"" posts a big blind of 20",2026-02-09T13:54:43.899Z,177064528389909
"""engawa @ cCFXQyltQ-"" posts a small blind of 10",2026-02-09T13:54:43.899Z,177064528389908
"Player stacks: #1 ""engawa @ cCFXQyltQ-"" (3041) | #2 ""Neku @ HZmCRZd6SG"" (2780) | #6 ""arash! @ PB93yGRdRr"" (2775) | #7 ""ゴン02（江戸犬） @ AblUkPGGlZ"" (2767) | #8 ""揚げもち @ 3liBhfdN10"" (2020) | #9 ""すとふぁ @ M4pyIQvfB9"" (3325)",2026-02-09T13:54:43.899Z,177064528389901
"-- starting hand #43 (id: tysiayotygno)  No Limit Texas Hold'em (dealer: ""すとふぁ @ M4pyIQvfB9"") --",2026-02-09T13:54:43.899Z,177064528389900
"-- ending hand #42 --",2026-02-09T13:54:37.872Z,177064527787202
"""すとふぁ @ M4pyIQvfB9"" collected 1100 from pot with Pair, A's (combination: 8♣, Q♥, K♠, A♠, A♥)",2026-02-09T13:54:37.872Z,177064527787201
"""すとふぁ @ M4pyIQvfB9"" shows a Q♥, A♠.",2026-02-09T13:54:37.872Z,177064527787200
"""engawa @ cCFXQyltQ-"" calls 400",2026-02-09T13:54:37.032Z,177064527703200
"""すとふぁ @ M4pyIQvfB9"" bets 400",2026-02-09T13:53:49.899Z,177064522989900
"River: K♠, 8♣, 7♦, 6♥ [A♥]",2026-02-09T13:53:28.205Z,177064520820500
"""engawa @ cCFXQyltQ-"" checks",2026-02-09T13:53:27.387Z,177064520738700
"""すとふぁ @ M4pyIQvfB9"" checks",2026-02-09T13:53:17.038Z,177064519703800
"Turn: K♠, 8♣, 7♦ [6♥]",2026-02-09T13:53:13.794Z,177064519379400
"""engawa @ cCFXQyltQ-"" calls 90",2026-02-09T13:53:12.986Z,177064519298600
"""すとふぁ @ M4pyIQvfB9"" bets 90",2026-02-09T13:53:08.646Z,177064518864600
"Flop:  [K♠, 8♣, 7♦]",2026-02-09T13:53:01.690Z,177064518169000
"""engawa @ cCFXQyltQ-"" calls 60",2026-02-09T13:53:00.830Z,177064518083000
"""すとふぁ @ M4pyIQvfB9"" raises to 60",2026-02-09T13:52:58.692Z,177064517869200
"""揚げもち @ 3liBhfdN10"" folds",2026-02-09T13:52:54.932Z,177064517493200
"""ゴン02（江戸犬） @ AblUkPGGlZ"" folds",2026-02-09T13:52:53.874Z,177064517387400
"""arash! @ PB93yGRdRr"" folds",2026-02-09T13:52:52.857Z,177064517285700
"""Neku @ HZmCRZd6SG"" folds",2026-02-09T13:52:51.813Z,177064517181300
"""engawa @ cCFXQyltQ-"" posts a big blind of 20",2026-02-09T13:52:49.596Z,177064516959609
"""すとふぁ @ M4pyIQvfB9"" posts a small blind of 10",2026-02-09T13:52:49.596Z,177064516959608
"Player stacks: #1 ""engawa @ cCFXQyltQ-"" (3591) | #2 ""Neku @ HZmCRZd6SG"" (2780) | #6 ""arash! @ PB93yGRdRr"" (2775) | #7 ""ゴン02（江戸犬） @ AblUkPGGlZ"" (2767) | #8 ""揚げもち @ 3liBhfdN10"" (2020) | #9 ""すとふぁ @ M4pyIQvfB9"" (2775)",2026-02-09T13:52:49.596Z,177064516959601
"-- starting hand #42 (id: lvae0vma7gzi)  No Limit Texas Hold'em (dealer: ""揚げもち @ 3liBhfdN10"") --",2026-02-09T13:52:49.596Z,177064516959600
"-- ending hand #41 --",2026-02-09T13:52:46.661Z,177064516666102
"""arash! @ PB93yGRdRr"" collected 220 from pot",2026-02-09T13:52:46.661Z,177064516666101
"Uncalled bet of 180 returned to ""arash! @ PB93yGRdRr""",2026-02-09T13:52:46.661Z,177064516666100
"""すとふぁ @ M4pyIQvfB9"" folds",2026-02-09T13:52:45.857Z,177064516585700
"""arash! @ PB93yGRdRr"" raises to 245",2026-02-09T13:52:41.632Z,177064516163200
"""すとふぁ @ M4pyIQvfB9"" bets 65",2026-02-09T13:52:29.592Z,177064514959200
"Turn: 4♠, A♦, 3♠ [3♥]",2026-02-09T13:52:11.427Z,177064513142700
"""arash! @ PB93yGRdRr"" checks",2026-02-09T13:52:10.593Z,177064513059300
"""すとふぁ @ M4pyIQvfB9"" checks",2026-02-09T13:51:49.279Z,177064510927900
"Flop:  [4♠, A♦, 3♠]",2026-02-09T13:51:47.988Z,177064510798800
"""すとふぁ @ M4pyIQvfB9"" calls 40",2026-02-09T13:51:47.143Z,177064510714300
"""揚げもち @ 3liBhfdN10"" folds",2026-02-09T13:51:46.065Z,177064510606500
"""ゴン02（江戸犬） @ AblUkPGGlZ"" folds",2026-02-09T13:51:44.922Z,177064510492200
"""arash! @ PB93yGRdRr"" raises to 40",2026-02-09T13:51:42.186Z,177064510218600
"""Neku @ HZmCRZd6SG"" folds",2026-02-09T13:51:39.413Z,177064509941300
"""engawa @ cCFXQyltQ-"" folds",2026-02-09T13:51:37.959Z,177064509795900
"""すとふぁ @ M4pyIQvfB9"" posts a big blind of 20",2026-02-09T13:51:35.780Z,177064509578009
"""揚げもち @ 3liBhfdN10"" posts a small blind of 10",2026-02-09T13:51:35.780Z,177064509578008
"Player stacks: #1 ""engawa @ cCFXQyltQ-"" (3591) | #2 ""Neku @ HZmCRZd6SG"" (2780) | #6 ""arash! @ PB93yGRdRr"" (2660) | #7 ""ゴン02（江戸犬） @ AblUkPGGlZ"" (2767) | #8 ""揚げもち @ 3liBhfdN10"" (2030) | #9 ""すとふぁ @ M4pyIQvfB9"" (2880)",2026-02-09T13:51:35.780Z,177064509578001
"-- starting hand #41 (id: dgj6un4xqhfa)  No Limit Texas Hold'em (dealer: ""ゴン02（江戸犬） @ AblUkPGGlZ"") --",2026-02-09T13:51:35.780Z,177064509578000
"-- ending hand #40 --",2026-02-09T13:51:32.806Z,177064509280602
"""Neku @ HZmCRZd6SG"" collected 50 from pot",2026-02-09T13:51:32.806Z,177064509280601
"Uncalled bet of 30 returned to ""Neku @ HZmCRZd6SG""",2026-02-09T13:51:32.806Z,177064509280600
"""揚げもち @ 3liBhfdN10"" folds",2026-02-09T13:51:31.995Z,177064509199500
"""ゴン02（江戸犬） @ AblUkPGGlZ"" folds",2026-02-09T13:51:30.940Z,177064509094000
"""arash! @ PB93yGRdRr"" folds",2026-02-09T13:51:17.036Z,177064507703600
"""Neku @ HZmCRZd6SG"" raises to 50",2026-02-09T13:51:15.949Z,177064507594900
"""engawa @ cCFXQyltQ-"" folds",2026-02-09T13:51:11.239Z,177064507123900
"""すとふぁ @ M4pyIQvfB9"" folds",2026-02-09T13:51:06.807Z,177064506680700
"""揚げもち @ 3liBhfdN10"" posts a big blind of 20",2026-02-09T13:51:05.094Z,177064506509409
"""ゴン02（江戸犬） @ AblUkPGGlZ"" posts a small blind of 10",2026-02-09T13:51:05.094Z,177064506509408
"Player stacks: #1 ""engawa @ cCFXQyltQ-"" (3591) | #2 ""Neku @ HZmCRZd6SG"" (2750) | #6 ""arash! @ PB93yGRdRr"" (2660) | #7 ""ゴン02（江戸犬） @ AblUkPGGlZ"" (2777) | #8 ""揚げもち @ 3liBhfdN10"" (2050) | #9 ""すとふぁ @ M4pyIQvfB9"" (2880)",2026-02-09T13:51:05.094Z,177064506509401
"-- starting hand #40 (id: 07lfbmdgu7lt)  No Limit Texas Hold'em (dealer: ""arash! @ PB93yGRdRr"") --",2026-02-09T13:51:05.094Z,177064506509400
"-- ending hand #39 --",2026-02-09T13:51:02.097Z,177064506209702
"""Neku @ HZmCRZd6SG"" collected 50 from pot",2026-02-09T13:51:02.097Z,177064506209701
"Uncalled bet of 30 returned to ""Neku @ HZmCRZd6SG""",2026-02-09T13:51:02.097Z,177064506209700
"""ゴン02（江戸犬） @ AblUkPGGlZ"" folds",2026-02-09T13:51:01.239Z,177064506123900
"""arash! @ PB93yGRdRr"" folds",2026-02-09T13:50:53.326Z,177064505332600
"""Neku @ HZmCRZd6SG"" raises to 50",2026-02-09T13:50:52.309Z,177064505230900
"""engawa @ cCFXQyltQ-"" folds",2026-02-09T13:50:46.290Z,177064504629000
"""すとふぁ @ M4pyIQvfB9"" folds",2026-02-09T13:50:45.250Z,177064504525000
"""揚げもち @ 3liBhfdN10"" folds",2026-02-09T13:50:43.971Z,177064504397100
"""ゴン02（江戸犬） @ AblUkPGGlZ"" posts a big blind of 20",2026-02-09T13:50:40.549Z,177064504054909
"""arash! @ PB93yGRdRr"" posts a small blind of 10",2026-02-09T13:50:40.549Z,177064504054908
"Player stacks: #1 ""engawa @ cCFXQyltQ-"" (3591) | #2 ""Neku @ HZmCRZd6SG"" (2720) | #6 ""arash! @ PB93yGRdRr"" (2670) | #7 ""ゴン02（江戸犬） @ AblUkPGGlZ"" (2797) | #8 ""揚げもち @ 3liBhfdN10"" (2050) | #9 ""すとふぁ @ M4pyIQvfB9"" (2880)",2026-02-09T13:50:40.549Z,177064504054901
"-- starting hand #39 (id: q28lodw02tni)  No Limit Texas Hold'em (dealer: ""Neku @ HZmCRZd6SG"") --",2026-02-09T13:50:40.549Z,177064504054900
"-- ending hand #38 --",2026-02-09T13:50:37.628Z,177064503762802
"""すとふぁ @ M4pyIQvfB9"" collected 130 from pot",2026-02-09T13:50:37.628Z,177064503762801
"Uncalled bet of 45 returned to ""すとふぁ @ M4pyIQvfB9""",2026-02-09T13:50:37.628Z,177064503762800
"""arash! @ PB93yGRdRr"" folds",2026-02-09T13:50:36.771Z,177064503677100
"""すとふぁ @ M4pyIQvfB9"" bets 45",2026-02-09T13:50:27.102Z,177064502710200
"""arash! @ PB93yGRdRr"" checks",2026-02-09T13:50:18.593Z,177064501859300
"Flop:  [9♦, 6♥, 4♥]",2026-02-09T13:50:17.615Z,177064501761500
"""arash! @ PB93yGRdRr"" calls 60",2026-02-09T13:50:16.802Z,177064501680200
"""Neku @ HZmCRZd6SG"" folds",2026-02-09T13:50:11.672Z,177064501167200
"""engawa @ cCFXQyltQ-"" folds",2026-02-09T13:50:09.400Z,177064500940000
"""すとふぁ @ M4pyIQvfB9"" raises to 60",2026-02-09T13:50:06.494Z,177064500649400
"""揚げもち @ 3liBhfdN10"" folds",2026-02-09T13:50:03.621Z,177064500362100
"""ゴン02（江戸犬） @ AblUkPGGlZ"" folds",2026-02-09T13:50:02.017Z,177064500201700
"""arash! @ PB93yGRdRr"" posts a big blind of 20",2026-02-09T13:50:00.070Z,177064500007009
"""Neku @ HZmCRZd6SG"" posts a small blind of 10",2026-02-09T13:50:00.070Z,177064500007008
"Player stacks: #1 ""engawa @ cCFXQyltQ-"" (3591) | #2 ""Neku @ HZmCRZd6SG"" (2730) | #6 ""arash! @ PB93yGRdRr"" (2730) | #7 ""ゴン02（江戸犬） @ AblUkPGGlZ"" (2797) | #8 ""揚げもち @ 3liBhfdN10"" (2050) | #9 ""すとふぁ @ M4pyIQvfB9"" (2810)",2026-02-09T13:50:00.070Z,177064500007001
"-- starting hand #38 (id: auqjvvloo6db)  No Limit Texas Hold'em (dealer: ""engawa @ cCFXQyltQ-"") --",2026-02-09T13:50:00.070Z,177064500007000
"-- ending hand #37 --",2026-02-09T13:49:57.133Z,177064499713302
"""すとふぁ @ M4pyIQvfB9"" collected 50 from pot",2026-02-09T13:49:57.133Z,177064499713301
"Uncalled bet of 30 returned to ""すとふぁ @ M4pyIQvfB9""",2026-02-09T13:49:57.133Z,177064499713300
"""Neku @ HZmCRZd6SG"" folds",2026-02-09T13:49:56.271Z,177064499627100
"""engawa @ cCFXQyltQ-"" folds",2026-02-09T13:49:54.834Z,177064499483400
"""すとふぁ @ M4pyIQvfB9"" raises to 50",2026-02-09T13:49:51.088Z,177064499108800
"""揚げもち @ 3liBhfdN10"" folds",2026-02-09T13:49:48.669Z,177064498866900
"""ゴン02（江戸犬） @ AblUkPGGlZ"" folds",2026-02-09T13:49:47.549Z,177064498754900
"""arash! @ PB93yGRdRr"" folds",2026-02-09T13:49:46.466Z,177064498646600
"""Neku @ HZmCRZd6SG"" posts a big blind of 20",2026-02-09T13:49:44.992Z,177064498499209
"""engawa @ cCFXQyltQ-"" posts a small blind of 10",2026-02-09T13:49:44.992Z,177064498499208
"Player stacks: #1 ""engawa @ cCFXQyltQ-"" (3601) | #2 ""Neku @ HZmCRZd6SG"" (2750) | #6 ""arash! @ PB93yGRdRr"" (2730) | #7 ""ゴン02（江戸犬） @ AblUkPGGlZ"" (2797) | #8 ""揚げもち @ 3liBhfdN10"" (2050) | #9 ""すとふぁ @ M4pyIQvfB9"" (2780)",2026-02-09T13:49:44.992Z,177064498499201
"-- starting hand #37 (id: 0ctgexwa52nz)  No Limit Texas Hold'em (dealer: ""すとふぁ @ M4pyIQvfB9"") --",2026-02-09T13:49:44.992Z,177064498499200
"-- ending hand #36 --",2026-02-09T13:49:38.984Z,177064497898403
"""ゴン02（江戸犬） @ AblUkPGGlZ"" collected 164 from pot with A High (combination: 5♦, 6♣, 9♠, Q♥, A♦)",2026-02-09T13:49:38.984Z,177064497898402
"""ゴン02（江戸犬） @ AblUkPGGlZ"" shows a A♦, Q♥.",2026-02-09T13:49:38.984Z,177064497898401
"""engawa @ cCFXQyltQ-"" shows a 10♠, 8♥.",2026-02-09T13:49:38.984Z,177064497898400
"""ゴン02（江戸犬） @ AblUkPGGlZ"" calls 31",2026-02-09T13:49:38.145Z,177064497814500
"""engawa @ cCFXQyltQ-"" bets 31",2026-02-09T13:49:26.658Z,177064496665800
"River: 2♣, 9♠, 5♦, 6♣ [4♦]",2026-02-09T13:49:12.188Z,177064495218800
"""ゴン02（江戸犬） @ AblUkPGGlZ"" checks",2026-02-09T13:49:11.361Z,177064495136100
"""engawa @ cCFXQyltQ-"" checks",2026-02-09T13:49:06.383Z,177064494638300
"The admin ""Guest @ fXxZKORuuu"" rejected the seat request from the player ""ころり @ n0s1KAOIRL"".",2026-02-09T13:48:59.704Z,177064493970400
"The player ""ころり @ n0s1KAOIRL"" requested a seat.",2026-02-09T13:48:58.954Z,177064493895400
"Turn: 2♣, 9♠, 5♦ [6♣]",2026-02-09T13:48:58.307Z,177064493830700
"""ゴン02（江戸犬） @ AblUkPGGlZ"" checks",2026-02-09T13:48:57.477Z,177064493747700
"""engawa @ cCFXQyltQ-"" checks",2026-02-09T13:48:51.800Z,177064493180000
"Flop:  [2♣, 9♠, 5♦]",2026-02-09T13:48:47.580Z,177064492758000
"""engawa @ cCFXQyltQ-"" calls 46",2026-02-09T13:48:46.755Z,177064492675500
"""すとふぁ @ M4pyIQvfB9"" folds",2026-02-09T13:48:43.980Z,177064492398000
"""揚げもち @ 3liBhfdN10"" folds",2026-02-09T13:48:41.236Z,177064492123600
"""ゴン02（江戸犬） @ AblUkPGGlZ"" raises to 46",2026-02-09T13:48:40.213Z,177064492021300
"""arash! @ PB93yGRdRr"" folds",2026-02-09T13:48:32.836Z,177064491283600
"""Neku @ HZmCRZd6SG"" folds",2026-02-09T13:48:31.834Z,177064491183400
"""engawa @ cCFXQyltQ-"" posts a big blind of 20",2026-02-09T13:48:28.236Z,177064490823609
"""すとふぁ @ M4pyIQvfB9"" posts a small blind of 10",2026-02-09T13:48:28.236Z,177064490823608
"Player stacks: #1 ""engawa @ cCFXQyltQ-"" (3678) | #2 ""Neku @ HZmCRZd6SG"" (2750) | #6 ""arash! @ PB93yGRdRr"" (2730) | #7 ""ゴン02（江戸犬） @ AblUkPGGlZ"" (2710) | #8 ""揚げもち @ 3liBhfdN10"" (2050) | #9 ""すとふぁ @ M4pyIQvfB9"" (2790)",2026-02-09T13:48:28.236Z,177064490823601
"-- starting hand #36 (id: 6zykc9hznj9b)  No Limit Texas Hold'em (dealer: ""揚げもち @ 3liBhfdN10"") --",2026-02-09T13:48:28.236Z,177064490823600
"-- ending hand #35 --",2026-02-09T13:48:25.234Z,177064490523402
"""すとふぁ @ M4pyIQvfB9"" collected 90 from pot",2026-02-09T13:48:25.234Z,177064490523401
"Uncalled bet of 110 returned to ""すとふぁ @ M4pyIQvfB9""",2026-02-09T13:48:25.234Z,177064490523400
"""arash! @ PB93yGRdRr"" folds",2026-02-09T13:48:24.329Z,177064490432900
"""すとふぁ @ M4pyIQvfB9"" bets 110",2026-02-09T13:48:18.793Z,177064489879300
"River: K♣, J♣, 2♣, 10♦ [A♥]",2026-02-09T13:48:09.228Z,177064488922800
"""arash! @ PB93yGRdRr"" checks",2026-02-09T13:48:08.379Z,177064488837900
"""すとふぁ @ M4pyIQvfB9"" checks",2026-02-09T13:48:05.052Z,177064488505200
"Turn: K♣, J♣, 2♣ [10♦]",2026-02-09T13:47:51.360Z,177064487136000
"""arash! @ PB93yGRdRr"" checks",2026-02-09T13:47:50.553Z,177064487055300
"""すとふぁ @ M4pyIQvfB9"" checks",2026-02-09T13:47:36.803Z,177064485680300
"Flop:  [K♣, J♣, 2♣]",2026-02-09T13:47:33.950Z,177064485395000
"""すとふぁ @ M4pyIQvfB9"" calls 40",2026-02-09T13:47:33.113Z,177064485311300
"""揚げもち @ 3liBhfdN10"" folds",2026-02-09T13:47:31.443Z,177064485144300
"""ゴン02（江戸犬） @ AblUkPGGlZ"" folds",2026-02-09T13:47:30.355Z,177064485035500
"""arash! @ PB93yGRdRr"" raises to 40",2026-02-09T13:47:29.325Z,177064484932500
"""Neku @ HZmCRZd6SG"" folds",2026-02-09T13:47:26.614Z,177064484661400
"""engawa @ cCFXQyltQ-"" folds",2026-02-09T13:47:23.415Z,177064484341500
"""すとふぁ @ M4pyIQvfB9"" posts a big blind of 20",2026-02-09T13:47:22.092Z,177064484209209
"""揚げもち @ 3liBhfdN10"" posts a small blind of 10",2026-02-09T13:47:22.092Z,177064484209208
"Player stacks: #1 ""engawa @ cCFXQyltQ-"" (3678) | #2 ""Neku @ HZmCRZd6SG"" (2750) | #6 ""arash! @ PB93yGRdRr"" (2770) | #7 ""ゴン02（江戸犬） @ AblUkPGGlZ"" (2710) | #8 ""揚げもち @ 3liBhfdN10"" (2060) | #9 ""すとふぁ @ M4pyIQvfB9"" (2740)",2026-02-09T13:47:22.092Z,177064484209201
"-- starting hand #35 (id: rrmkcck7hszd)  No Limit Texas Hold'em (dealer: ""ゴン02（江戸犬） @ AblUkPGGlZ"") --",2026-02-09T13:47:22.092Z,177064484209200
"-- ending hand #34 --",2026-02-09T13:47:19.190Z,177064483919002
"""arash! @ PB93yGRdRr"" collected 50 from pot",2026-02-09T13:47:19.190Z,177064483919001
"Uncalled bet of 40 returned to ""arash! @ PB93yGRdRr""",2026-02-09T13:47:19.190Z,177064483919000
"""揚げもち @ 3liBhfdN10"" folds",2026-02-09T13:47:18.346Z,177064483834600
"""ゴン02（江戸犬） @ AblUkPGGlZ"" folds",2026-02-09T13:47:17.248Z,177064483724800
"""arash! @ PB93yGRdRr"" raises to 60",2026-02-09T13:47:12.858Z,177064483285800
"""Neku @ HZmCRZd6SG"" folds",2026-02-09T13:47:09.791Z,177064482979100
"""engawa @ cCFXQyltQ-"" folds",2026-02-09T13:47:08.764Z,177064482876400
"""すとふぁ @ M4pyIQvfB9"" folds",2026-02-09T13:47:05.498Z,177064482549800
"""揚げもち @ 3liBhfdN10"" posts a big blind of 20",2026-02-09T13:47:03.283Z,177064482328309
"""ゴン02（江戸犬） @ AblUkPGGlZ"" posts a small blind of 10",2026-02-09T13:47:03.283Z,177064482328308
"Player stacks: #1 ""engawa @ cCFXQyltQ-"" (3678) | #2 ""Neku @ HZmCRZd6SG"" (2750) | #6 ""arash! @ PB93yGRdRr"" (2740) | #7 ""ゴン02（江戸犬） @ AblUkPGGlZ"" (2720) | #8 ""揚げもち @ 3liBhfdN10"" (2080) | #9 ""すとふぁ @ M4pyIQvfB9"" (2740)",2026-02-09T13:47:03.283Z,177064482328301
"-- starting hand #34 (id: otaacj9eqlvm)  No Limit Texas Hold'em (dealer: ""arash! @ PB93yGRdRr"") --",2026-02-09T13:47:03.283Z,177064482328300
"-- ending hand #33 --",2026-02-09T13:47:00.351Z,177064482035102
"""ゴン02（江戸犬） @ AblUkPGGlZ"" collected 20 from pot",2026-02-09T13:47:00.351Z,177064482035101
"Uncalled bet of 10 returned to ""ゴン02（江戸犬） @ AblUkPGGlZ""",2026-02-09T13:47:00.351Z,177064482035100
"""arash! @ PB93yGRdRr"" folds",2026-02-09T13:46:59.503Z,177064481950300
"""Neku @ HZmCRZd6SG"" folds",2026-02-09T13:46:58.480Z,177064481848000
"""engawa @ cCFXQyltQ-"" folds",2026-02-09T13:46:55.641Z,177064481564100
"""すとふぁ @ M4pyIQvfB9"" folds",2026-02-09T13:46:54.638Z,177064481463800
"""揚げもち @ 3liBhfdN10"" folds",2026-02-09T13:46:53.630Z,177064481363000
"""ゴン02（江戸犬） @ AblUkPGGlZ"" posts a big blind of 20",2026-02-09T13:46:51.754Z,177064481175409
"""arash! @ PB93yGRdRr"" posts a small blind of 10",2026-02-09T13:46:51.754Z,177064481175408
"Player stacks: #1 ""engawa @ cCFXQyltQ-"" (3678) | #2 ""Neku @ HZmCRZd6SG"" (2750) | #6 ""arash! @ PB93yGRdRr"" (2750) | #7 ""ゴン02（江戸犬） @ AblUkPGGlZ"" (2710) | #8 ""揚げもち @ 3liBhfdN10"" (2080) | #9 ""すとふぁ @ M4pyIQvfB9"" (2740)",2026-02-09T13:46:51.754Z,177064481175401
"-- starting hand #33 (id: xxjsmqagzveo)  No Limit Texas Hold'em (dealer: ""Neku @ HZmCRZd6SG"") --",2026-02-09T13:46:51.754Z,177064481175400
"-- ending hand #32 --",2026-02-09T13:46:48.841Z,177064480884102
"""揚げもち @ 3liBhfdN10"" collected 130 from pot",2026-02-09T13:46:48.841Z,177064480884101
"Uncalled bet of 97 returned to ""揚げもち @ 3liBhfdN10""",2026-02-09T13:46:48.841Z,177064480884100
"""engawa @ cCFXQyltQ-"" folds",2026-02-09T13:46:48.037Z,177064480803700
"""揚げもち @ 3liBhfdN10"" bets 97",2026-02-09T13:46:40.208Z,177064480020800
"River: A♥, 9♦, K♣, 6♠ [8♦]",2026-02-09T13:46:30.737Z,177064479073700
"""engawa @ cCFXQyltQ-"" checks",2026-02-09T13:46:29.894Z,177064478989400
"""揚げもち @ 3liBhfdN10"" checks",2026-02-09T13:46:21.972Z,177064478197200
"Turn: A♥, 9♦, K♣ [6♠]",2026-02-09T13:46:16.274Z,177064477627400
"""engawa @ cCFXQyltQ-"" checks",2026-02-09T13:46:15.439Z,177064477543900
"""揚げもち @ 3liBhfdN10"" checks",2026-02-09T13:46:08.470Z,177064476847000
"Flop:  [A♥, 9♦, K♣]",2026-02-09T13:46:02.729Z,177064476272900
"""arash! @ PB93yGRdRr"" folds",2026-02-09T13:46:01.923Z,177064476192300
"""Neku @ HZmCRZd6SG"" folds",2026-02-09T13:46:00.837Z,177064476083700
"""engawa @ cCFXQyltQ-"" calls 50",2026-02-09T13:45:59.818Z,177064475981800
"""すとふぁ @ M4pyIQvfB9"" folds",2026-02-09T13:45:56.372Z,177064475637200
"""揚げもち @ 3liBhfdN10"" raises to 50",2026-02-09T13:45:55.259Z,177064475525900
"""ゴン02（江戸犬） @ AblUkPGGlZ"" folds",2026-02-09T13:45:41.814Z,177064474181400
"""arash! @ PB93yGRdRr"" posts a big blind of 20",2026-02-09T13:45:37.526Z,177064473752609
"""Neku @ HZmCRZd6SG"" posts a small blind of 10",2026-02-09T13:45:37.526Z,177064473752608
"Player stacks: #1 ""engawa @ cCFXQyltQ-"" (3728) | #2 ""Neku @ HZmCRZd6SG"" (2760) | #6 ""arash! @ PB93yGRdRr"" (2770) | #7 ""ゴン02（江戸犬） @ AblUkPGGlZ"" (2710) | #8 ""揚げもち @ 3liBhfdN10"" (2000) | #9 ""すとふぁ @ M4pyIQvfB9"" (2740)",2026-02-09T13:45:37.526Z,177064473752601
"-- starting hand #32 (id: ddp2ne9erg6x)  No Limit Texas Hold'em (dealer: ""engawa @ cCFXQyltQ-"") --",2026-02-09T13:45:37.526Z,177064473752600
"-- ending hand #31 --",2026-02-09T13:45:31.523Z,177064473152302
"""Neku @ HZmCRZd6SG"" collected 170 from pot with Two Pair, 8's & 2's (combination: A♦, 2♥, 2♠, 8♣, 8♠)",2026-02-09T13:45:31.523Z,177064473152301
"""Neku @ HZmCRZd6SG"" shows a J♣, A♦.",2026-02-09T13:45:31.523Z,177064473152300
"""arash! @ PB93yGRdRr"" checks",2026-02-09T13:45:30.694Z,177064473069400
"""Neku @ HZmCRZd6SG"" checks",2026-02-09T13:45:29.675Z,177064472967500
"River: 2♥, 2♠, 8♣, 8♠ [5♥]",2026-02-09T13:45:03.693Z,177064470369300
"""arash! @ PB93yGRdRr"" checks",2026-02-09T13:45:02.871Z,177064470287100
"""Neku @ HZmCRZd6SG"" checks",2026-02-09T13:44:58.570Z,177064469857000
"Turn: 2♥, 2♠, 8♣ [8♠]",2026-02-09T13:44:55.881Z,177064469588100
"""Neku @ HZmCRZd6SG"" calls 40",2026-02-09T13:44:55.039Z,177064469503900
"""arash! @ PB93yGRdRr"" bets 40",2026-02-09T13:44:44.260Z,177064468426000
"""Neku @ HZmCRZd6SG"" checks",2026-02-09T13:44:41.521Z,177064468152100
"Flop:  [2♥, 2♠, 8♣]",2026-02-09T13:44:39.077Z,177064467907700
"""Neku @ HZmCRZd6SG"" calls 40",2026-02-09T13:44:38.253Z,177064467825300
"""engawa @ cCFXQyltQ-"" folds",2026-02-09T13:44:35.559Z,177064467555900
"""すとふぁ @ M4pyIQvfB9"" folds",2026-02-09T13:44:34.552Z,177064467455200
"""揚げもち @ 3liBhfdN10"" folds",2026-02-09T13:44:33.467Z,177064467346700
"""ゴン02（江戸犬） @ AblUkPGGlZ"" folds",2026-02-09T13:44:32.437Z,177064467243700
"""arash! @ PB93yGRdRr"" raises to 40",2026-02-09T13:44:31.397Z,177064467139700
"""Neku @ HZmCRZd6SG"" posts a big blind of 20",2026-02-09T13:44:22.863Z,177064466286309
"""engawa @ cCFXQyltQ-"" posts a small blind of 10",2026-02-09T13:44:22.863Z,177064466286308
"Player stacks: #1 ""engawa @ cCFXQyltQ-"" (3738) | #2 ""Neku @ HZmCRZd6SG"" (2670) | #6 ""arash! @ PB93yGRdRr"" (2850) | #7 ""ゴン02（江戸犬） @ AblUkPGGlZ"" (2710) | #8 ""揚げもち @ 3liBhfdN10"" (2000) | #9 ""すとふぁ @ M4pyIQvfB9"" (2740)",2026-02-09T13:44:22.863Z,177064466286301
"-- starting hand #31 (id: rg1pgsjmask2)  No Limit Texas Hold'em (dealer: ""すとふぁ @ M4pyIQvfB9"") --",2026-02-09T13:44:22.863Z,177064466286300
"-- ending hand #30 --",2026-02-09T13:44:19.920Z,177064465992002
"""engawa @ cCFXQyltQ-"" collected 20 from pot",2026-02-09T13:44:19.920Z,177064465992001
"Uncalled bet of 10 returned to ""engawa @ cCFXQyltQ-""",2026-02-09T13:44:19.920Z,177064465992000
"""すとふぁ @ M4pyIQvfB9"" folds",2026-02-09T13:44:19.066Z,177064465906600
"""揚げもち @ 3liBhfdN10"" folds",2026-02-09T13:44:17.990Z,177064465799000
"""ゴン02（江戸犬） @ AblUkPGGlZ"" folds",2026-02-09T13:44:16.988Z,177064465698800
"""arash! @ PB93yGRdRr"" folds",2026-02-09T13:44:13.122Z,177064465312200
"""Neku @ HZmCRZd6SG"" folds",2026-02-09T13:44:11.801Z,177064465180100
"""engawa @ cCFXQyltQ-"" posts a big blind of 20",2026-02-09T13:44:09.614Z,177064464961410
"""すとふぁ @ M4pyIQvfB9"" posts a small blind of 10",2026-02-09T13:44:09.614Z,177064464961409
"Player stacks: #1 ""engawa @ cCFXQyltQ-"" (3728) | #2 ""Neku @ HZmCRZd6SG"" (2670) | #6 ""arash! @ PB93yGRdRr"" (2850) | #7 ""ゴン02（江戸犬） @ AblUkPGGlZ"" (2710) | #8 ""揚げもち @ 3liBhfdN10"" (2000) | #9 ""すとふぁ @ M4pyIQvfB9"" (2750)",2026-02-09T13:44:09.614Z,177064464961402
"-- starting hand #30 (id: 9yya69an2rz4)  No Limit Texas Hold'em (dealer: ""揚げもち @ 3liBhfdN10"") --",2026-02-09T13:44:09.614Z,177064464961401
"The admin updated the player ""揚げもち @ 3liBhfdN10"" stack from 1990 to 2000.",2026-02-09T13:44:09.614Z,177064464961400
"-- ending hand #29 --",2026-02-09T13:44:06.706Z,177064464670602
"""engawa @ cCFXQyltQ-"" collected 550 from pot",2026-02-09T13:44:06.706Z,177064464670601
"Uncalled bet of 210 returned to ""engawa @ cCFXQyltQ-""",2026-02-09T13:44:06.706Z,177064464670600
"""ゴン02（江戸犬） @ AblUkPGGlZ"" folds",2026-02-09T13:44:05.860Z,177064464586000
"""engawa @ cCFXQyltQ-"" raises to 320",2026-02-09T13:43:59.277Z,177064463927700
"""ゴン02（江戸犬） @ AblUkPGGlZ"" bets 110",2026-02-09T13:43:36.061Z,177064461606100
"""engawa @ cCFXQyltQ-"" checks",2026-02-09T13:43:12.049Z,177064459204900
"Flop:  [3♣, 2♠, Q♥]",2026-02-09T13:43:10.356Z,177064459035600
"""engawa @ cCFXQyltQ-"" calls 150",2026-02-09T13:43:09.524Z,177064458952400
"""すとふぁ @ M4pyIQvfB9"" folds",2026-02-09T13:43:03.223Z,177064458322300
"""揚げもち @ 3liBhfdN10"" folds",2026-02-09T13:43:02.151Z,177064458215100
"""ゴン02（江戸犬） @ AblUkPGGlZ"" raises to 150",2026-02-09T13:43:00.991Z,177064458099100
"""arash! @ PB93yGRdRr"" folds",2026-02-09T13:42:54.740Z,177064457474000
"""Neku @ HZmCRZd6SG"" folds",2026-02-09T13:42:52.420Z,177064457242000
"""engawa @ cCFXQyltQ-"" raises to 40",2026-02-09T13:42:51.367Z,177064457136700
"WARNING: the admin queued the stack change for the player ""揚げもち @ 3liBhfdN10"" reseting to 2000 chips in the next hand.",2026-02-09T13:42:49.638Z,177064456963800
"""すとふぁ @ M4pyIQvfB9"" posts a big blind of 20",2026-02-09T13:42:46.941Z,177064456694110
"""揚げもち @ 3liBhfdN10"" posts a small blind of 10",2026-02-09T13:42:46.941Z,177064456694109
"Player stacks: #1 ""engawa @ cCFXQyltQ-"" (3438) | #2 ""Neku @ HZmCRZd6SG"" (2670) | #6 ""arash! @ PB93yGRdRr"" (2850) | #7 ""ゴン02（江戸犬） @ AblUkPGGlZ"" (2970) | #8 ""揚げもち @ 3liBhfdN10"" (2000) | #9 ""すとふぁ @ M4pyIQvfB9"" (2770)",2026-02-09T13:42:46.941Z,177064456694102
"-- starting hand #29 (id: iqopkwu3rt1s)  No Limit Texas Hold'em (dealer: ""ゴン02（江戸犬） @ AblUkPGGlZ"") --",2026-02-09T13:42:46.941Z,177064456694101
"The admin updated the player ""揚げもち @ 3liBhfdN10"" stack from 2010 to 2000.",2026-02-09T13:42:46.941Z,177064456694100
"-- ending hand #28 --",2026-02-09T13:42:44.000Z,177064456400002
"""揚げもち @ 3liBhfdN10"" collected 20 from pot",2026-02-09T13:42:44.000Z,177064456400001
"Uncalled bet of 10 returned to ""揚げもち @ 3liBhfdN10""",2026-02-09T13:42:44.000Z,177064456400000
"""ゴン02（江戸犬） @ AblUkPGGlZ"" folds",2026-02-09T13:42:43.167Z,177064456316700
"""arash! @ PB93yGRdRr"" folds",2026-02-09T13:42:39.987Z,177064455998700
"""Neku @ HZmCRZd6SG"" folds",2026-02-09T13:42:38.930Z,177064455893000
"""engawa @ cCFXQyltQ-"" folds",2026-02-09T13:42:37.902Z,177064455790200
"WARNING: the admin queued the stack change for the player ""揚げもち @ 3liBhfdN10"" reseting to 2000 chips in the next hand.",2026-02-09T13:42:34.552Z,177064455455200
"""すとふぁ @ M4pyIQvfB9"" folds",2026-02-09T13:42:33.575Z,177064455357500
"""揚げもち @ 3liBhfdN10"" posts a big blind of 20",2026-02-09T13:42:31.828Z,177064455182809
"""ゴン02（江戸犬） @ AblUkPGGlZ"" posts a small blind of 10",2026-02-09T13:42:31.828Z,177064455182808
"Player stacks: #1 ""engawa @ cCFXQyltQ-"" (3438) | #2 ""Neku @ HZmCRZd6SG"" (2670) | #6 ""arash! @ PB93yGRdRr"" (2850) | #7 ""ゴン02（江戸犬） @ AblUkPGGlZ"" (2980) | #8 ""揚げもち @ 3liBhfdN10"" (2000) | #9 ""すとふぁ @ M4pyIQvfB9"" (2770)",2026-02-09T13:42:31.828Z,177064455182801
"-- starting hand #28 (id: idlrvmjfubf6)  No Limit Texas Hold'em (dealer: ""arash! @ PB93yGRdRr"") --",2026-02-09T13:42:31.828Z,177064455182800
"-- ending hand #27 --",2026-02-09T13:42:28.910Z,177064454891002
"""すとふぁ @ M4pyIQvfB9"" collected 50 from pot",2026-02-09T13:42:28.910Z,177064454891001
"Uncalled bet of 30 returned to ""すとふぁ @ M4pyIQvfB9""",2026-02-09T13:42:28.910Z,177064454891000
"""ゴン02（江戸犬） @ AblUkPGGlZ"" folds",2026-02-09T13:42:28.047Z,177064454804700
"""arash! @ PB93yGRdRr"" folds",2026-02-09T13:42:27.018Z,177064454701800
"""Neku @ HZmCRZd6SG"" folds",2026-02-09T13:42:25.831Z,177064454583100
"""engawa @ cCFXQyltQ-"" folds",2026-02-09T13:42:24.234Z,177064454423400
"""すとふぁ @ M4pyIQvfB9"" raises to 50",2026-02-09T13:42:17.588Z,177064453758800
"""揚げもち @ 3liBhfdN10"" folds",2026-02-09T13:42:14.938Z,177064453493800
"""ゴン02（江戸犬） @ AblUkPGGlZ"" posts a big blind of 20",2026-02-09T13:42:13.099Z,177064453309909
"""arash! @ PB93yGRdRr"" posts a small blind of 10",2026-02-09T13:42:13.099Z,177064453309908
"Player stacks: #1 ""engawa @ cCFXQyltQ-"" (3438) | #2 ""Neku @ HZmCRZd6SG"" (2670) | #6 ""arash! @ PB93yGRdRr"" (2860) | #7 ""ゴン02（江戸犬） @ AblUkPGGlZ"" (3000) | #8 ""揚げもち @ 3liBhfdN10"" (2000) | #9 ""すとふぁ @ M4pyIQvfB9"" (2740)",2026-02-09T13:42:13.099Z,177064453309901
"-- starting hand #27 (id: puvpf9ly7xme)  No Limit Texas Hold'em (dealer: ""Neku @ HZmCRZd6SG"") --",2026-02-09T13:42:13.099Z,177064453309900
"-- ending hand #26 --",2026-02-09T13:42:10.173Z,177064453017302
"""arash! @ PB93yGRdRr"" collected 120 from pot",2026-02-09T13:42:10.173Z,177064453017301
"Uncalled bet of 120 returned to ""arash! @ PB93yGRdRr""",2026-02-09T13:42:10.173Z,177064453017300
"""Neku @ HZmCRZd6SG"" folds",2026-02-09T13:42:09.296Z,177064452929600
"""arash! @ PB93yGRdRr"" raises to 180",2026-02-09T13:42:06.799Z,177064452679900
"""Neku @ HZmCRZd6SG"" raises to 60",2026-02-09T13:41:58.346Z,177064451834600
"""engawa @ cCFXQyltQ-"" folds",2026-02-09T13:41:51.128Z,177064451112800
"""すとふぁ @ M4pyIQvfB9"" folds",2026-02-09T13:41:50.115Z,177064451011500
"""揚げもち @ 3liBhfdN10"" folds",2026-02-09T13:41:47.055Z,177064450705500
"""ゴン02（江戸犬） @ AblUkPGGlZ"" folds",2026-02-09T13:41:41.867Z,177064450186700
"""arash! @ PB93yGRdRr"" posts a big blind of 20",2026-02-09T13:41:39.597Z,177064449959710
"""Neku @ HZmCRZd6SG"" posts a small blind of 10",2026-02-09T13:41:39.597Z,177064449959709
"Player stacks: #1 ""engawa @ cCFXQyltQ-"" (3438) | #2 ""Neku @ HZmCRZd6SG"" (2730) | #6 ""arash! @ PB93yGRdRr"" (2800) | #7 ""ゴン02（江戸犬） @ AblUkPGGlZ"" (3000) | #8 ""揚げもち @ 3liBhfdN10"" (2000) | #9 ""すとふぁ @ M4pyIQvfB9"" (2740)",2026-02-09T13:41:39.597Z,177064449959702
"-- starting hand #26 (id: g8rbq699jhp6)  No Limit Texas Hold'em (dealer: ""engawa @ cCFXQyltQ-"") --",2026-02-09T13:41:39.597Z,177064449959701
"The admin updated the player ""揚げもち @ 3liBhfdN10"" stack from 1923 to 2000.",2026-02-09T13:41:39.597Z,177064449959700
"-- ending hand #25 --",2026-02-09T13:41:36.681Z,177064449668102
"""揚げもち @ 3liBhfdN10"" collected 110 from pot",2026-02-09T13:41:36.681Z,177064449668101
"Uncalled bet of 150 returned to ""揚げもち @ 3liBhfdN10""",2026-02-09T13:41:36.681Z,177064449668100
"""Neku @ HZmCRZd6SG"" folds",2026-02-09T13:41:35.862Z,177064449586200
"""揚げもち @ 3liBhfdN10"" bets 150",2026-02-09T13:41:32.356Z,177064449235600
"""Neku @ HZmCRZd6SG"" checks",2026-02-09T13:41:27.259Z,177064448725900
"River: 2♥, Q♦, 7♥, 4♦ [K♣]",2026-02-09T13:41:18.953Z,177064447895300
"""揚げもち @ 3liBhfdN10"" checks",2026-02-09T13:41:18.149Z,177064447814900
"""Neku @ HZmCRZd6SG"" checks",2026-02-09T13:41:16.450Z,177064447645000
"Turn: 2♥, Q♦, 7♥ [4♦]",2026-02-09T13:41:00.391Z,177064446039100
"""揚げもち @ 3liBhfdN10"" checks",2026-02-09T13:40:59.558Z,177064445955800
"""Neku @ HZmCRZd6SG"" checks",2026-02-09T13:40:55.775Z,177064445577500
"Flop:  [2♥, Q♦, 7♥]",2026-02-09T13:40:51.285Z,177064445128500
"""Neku @ HZmCRZd6SG"" calls 50",2026-02-09T13:40:50.460Z,177064445046000
"""engawa @ cCFXQyltQ-"" folds",2026-02-09T13:40:47.151Z,177064444715100
"""すとふぁ @ M4pyIQvfB9"" folds",2026-02-09T13:40:39.740Z,177064443974000
"""揚げもち @ 3liBhfdN10"" raises to 50",2026-02-09T13:40:36.868Z,177064443686800
"""ゴン02（江戸犬） @ AblUkPGGlZ"" folds",2026-02-09T13:40:29.658Z,177064442965800
"WARNING: the admin queued the stack change for the player ""揚げもち @ 3liBhfdN10"" reseting to 2000 chips in the next hand.",2026-02-09T13:40:27.720Z,177064442772000
"""arash! @ PB93yGRdRr"" folds",2026-02-09T13:40:27.141Z,177064442714100
"""Neku @ HZmCRZd6SG"" posts a big blind of 20",2026-02-09T13:40:25.365Z,177064442536510
"""engawa @ cCFXQyltQ-"" posts a small blind of 10",2026-02-09T13:40:25.365Z,177064442536509
"Player stacks: #1 ""engawa @ cCFXQyltQ-"" (3448) | #2 ""Neku @ HZmCRZd6SG"" (2780) | #6 ""arash! @ PB93yGRdRr"" (2800) | #7 ""ゴン02（江戸犬） @ AblUkPGGlZ"" (3000) | #8 ""揚げもち @ 3liBhfdN10"" (1863) | #9 ""すとふぁ @ M4pyIQvfB9"" (2740)",2026-02-09T13:40:25.365Z,177064442536502
"-- starting hand #25 (id: pdmw14kmgefo)  No Limit Texas Hold'em (dealer: ""すとふぁ @ M4pyIQvfB9"") --",2026-02-09T13:40:25.365Z,177064442536501
"The admin updated the player ""ゴン02（江戸犬） @ AblUkPGGlZ"" stack from 4034 to 3000.",2026-02-09T13:40:25.365Z,177064442536500
"-- ending hand #24 --",2026-02-09T13:40:22.406Z,177064442240602
"""engawa @ cCFXQyltQ-"" collected 330 from pot",2026-02-09T13:40:22.406Z,177064442240601
"Uncalled bet of 267 returned to ""engawa @ cCFXQyltQ-""",2026-02-09T13:40:22.406Z,177064442240600
"""揚げもち @ 3liBhfdN10"" folds",2026-02-09T13:40:21.571Z,177064442157100
"""ゴン02（江戸犬） @ AblUkPGGlZ"" folds",2026-02-09T13:40:20.227Z,177064442022700
"""engawa @ cCFXQyltQ-"" raises to 404",2026-02-09T13:40:16.205Z,177064441620500
"""すとふぁ @ M4pyIQvfB9"" folds",2026-02-09T13:39:54.489Z,177064439448900
"""揚げもち @ 3liBhfdN10"" raises to 137",2026-02-09T13:39:53.362Z,177064439336200
"""ゴン02（江戸犬） @ AblUkPGGlZ"" raises to 46",2026-02-09T13:39:43.121Z,177064438312100
"""arash! @ PB93yGRdRr"" folds",2026-02-09T13:39:37.071Z,177064437707100
"WARNING: the admin queued the stack change for the player ""ゴン02（江戸犬） @ AblUkPGGlZ"" reseting to 3000 chips in the next hand.",2026-02-09T13:39:36.136Z,177064437613600
"""Neku @ HZmCRZd6SG"" folds",2026-02-09T13:39:34.054Z,177064437405400
"""engawa @ cCFXQyltQ-"" posts a big blind of 20",2026-02-09T13:39:32.002Z,177064437200210
"""すとふぁ @ M4pyIQvfB9"" posts a small blind of 10",2026-02-09T13:39:32.002Z,177064437200209
"Player stacks: #1 ""engawa @ cCFXQyltQ-"" (3255) | #2 ""Neku @ HZmCRZd6SG"" (2780) | #6 ""arash! @ PB93yGRdRr"" (2800) | #7 ""ゴン02（江戸犬） @ AblUkPGGlZ"" (4080) | #8 ""揚げもち @ 3liBhfdN10"" (2000) | #9 ""すとふぁ @ M4pyIQvfB9"" (2750)",2026-02-09T13:39:32.002Z,177064437200202
"-- starting hand #24 (id: j9ojcch1c8i8)  No Limit Texas Hold'em (dealer: ""揚げもち @ 3liBhfdN10"") --",2026-02-09T13:39:32.002Z,177064437200201
"The admin updated the player ""揚げもち @ 3liBhfdN10"" stack from 0 to 2000.",2026-02-09T13:39:32.002Z,177064437200200
"-- ending hand #23 --",2026-02-09T13:39:23.995Z,177064436399502
"""ゴン02（江戸犬） @ AblUkPGGlZ"" collected 2010 from pot with Three of a Kind, K's on the second run  (combination: 7♥, 8♣, K♦, K♥, K♠)",2026-02-09T13:39:23.995Z,177064436399501
"""ゴン02（江戸犬） @ AblUkPGGlZ"" collected 2010 from pot with Two Pair, K's & 5's (combination: 10♠, 5♦, 5♥, K♦, K♥)",2026-02-09T13:39:23.995Z,177064436399500
"River (second run): 6♥, 3♥, 7♥, K♠ [8♣]",2026-02-09T13:39:19.990Z,177064435999000
"Turn (second run): 6♥, 3♥, 7♥ [K♠]",2026-02-09T13:39:15.981Z,177064435598100
"Flop (second run):  [6♥, 3♥, 7♥]",2026-02-09T13:39:11.976Z,177064435197600
"River: 10♠, 5♦, 3♣, 8♦ [5♥]",2026-02-09T13:39:07.974Z,177064434797400
"Turn: 10♠, 5♦, 3♣ [8♦]",2026-02-09T13:39:03.915Z,177064434391500
"Flop:  [10♠, 5♦, 3♣]",2026-02-09T13:38:59.866Z,177064433986600
"""揚げもち @ 3liBhfdN10"" shows a Q♦, Q♣.",2026-02-09T13:38:55.845Z,177064433584501
"""ゴン02（江戸犬） @ AblUkPGGlZ"" shows a K♦, K♥.",2026-02-09T13:38:55.845Z,177064433584500
"The board will run it twice due the game settings.",2026-02-09T13:38:55.016Z,177064433501601
"""ゴン02（江戸犬） @ AblUkPGGlZ"" calls 2000",2026-02-09T13:38:55.016Z,177064433501600
"""揚げもち @ 3liBhfdN10"" raises to 2000 and go all in",2026-02-09T13:38:53.125Z,177064433312500
"""ゴン02（江戸犬） @ AblUkPGGlZ"" raises to 460",2026-02-09T13:38:43.106Z,177064432310600
"""すとふぁ @ M4pyIQvfB9"" folds",2026-02-09T13:38:33.146Z,177064431314600
"""揚げもち @ 3liBhfdN10"" raises to 200",2026-02-09T13:38:31.089Z,177064431108900
"""ゴン02（江戸犬） @ AblUkPGGlZ"" raises to 50",2026-02-09T13:38:26.188Z,177064430618800
"""arash! @ PB93yGRdRr"" folds",2026-02-09T13:38:21.331Z,177064430133100
"""Neku @ HZmCRZd6SG"" folds",2026-02-09T13:38:20.307Z,177064430030700
"""engawa @ cCFXQyltQ-"" folds",2026-02-09T13:38:19.299Z,177064429929900
"WARNING: the admin queued the stack change for the player ""揚げもち @ 3liBhfdN10"" reseting to 2000 chips in the next hand.",2026-02-09T13:38:19.226Z,177064429922600
"""すとふぁ @ M4pyIQvfB9"" posts a big blind of 20",2026-02-09T13:38:17.299Z,177064429729910
"""揚げもち @ 3liBhfdN10"" posts a small blind of 10",2026-02-09T13:38:17.299Z,177064429729909
"Player stacks: #1 ""engawa @ cCFXQyltQ-"" (3255) | #2 ""Neku @ HZmCRZd6SG"" (2780) | #6 ""arash! @ PB93yGRdRr"" (2800) | #7 ""ゴン02（江戸犬） @ AblUkPGGlZ"" (2060) | #8 ""揚げもち @ 3liBhfdN10"" (2000) | #9 ""すとふぁ @ M4pyIQvfB9"" (2770)",2026-02-09T13:38:17.299Z,177064429729902
"-- starting hand #23 (id: ikihffki864e)  No Limit Texas Hold'em (dealer: ""ゴン02（江戸犬） @ AblUkPGGlZ"") --",2026-02-09T13:38:17.299Z,177064429729901
"The admin updated the player ""揚げもち @ 3liBhfdN10"" stack from 2185 to 2000.",2026-02-09T13:38:17.299Z,177064429729900
"-- ending hand #22 --",2026-02-09T13:38:11.297Z,177064429129703
"""揚げもち @ 3liBhfdN10"" collected 360 from pot with Pair, A's (combination: 7♥, 9♥, J♣, A♥, A♠)",2026-02-09T13:38:11.297Z,177064429129702
"""揚げもち @ 3liBhfdN10"" shows a 9♥, A♥.",2026-02-09T13:38:11.297Z,177064429129701
"""engawa @ cCFXQyltQ-"" shows a K♦, J♠.",2026-02-09T13:38:11.297Z,177064429129700
"""揚げもち @ 3liBhfdN10"" calls 90",2026-02-09T13:38:10.428Z,177064429042800
"""engawa @ cCFXQyltQ-"" bets 90",2026-02-09T13:37:53.163Z,177064427316300
"""揚げもち @ 3liBhfdN10"" checks",2026-02-09T13:37:43.405Z,177064426340500
"River: 6♥, 3♠, J♣, 7♥ [A♠]",2026-02-09T13:37:40.869Z,177064426086900
"""揚げもち @ 3liBhfdN10"" calls 45",2026-02-09T13:37:40.063Z,177064426006300
"""engawa @ cCFXQyltQ-"" bets 45",2026-02-09T13:37:35.593Z,177064425559300
"""揚げもち @ 3liBhfdN10"" checks",2026-02-09T13:37:28.369Z,177064424836900
"Turn: 6♥, 3♠, J♣ [7♥]",2026-02-09T13:37:20.153Z,177064424015300
"""engawa @ cCFXQyltQ-"" checks",2026-02-09T13:37:19.332Z,177064423933200
"""揚げもち @ 3liBhfdN10"" checks",2026-02-09T13:37:15.026Z,177064423502600
"Flop:  [6♥, 3♠, J♣]",2026-02-09T13:37:09.418Z,177064422941800
"""揚げもち @ 3liBhfdN10"" calls 40",2026-02-09T13:37:08.587Z,177064422858700
"""ゴン02（江戸犬） @ AblUkPGGlZ"" folds",2026-02-09T13:37:04.505Z,177064422450500
"""arash! @ PB93yGRdRr"" folds",2026-02-09T13:36:57.505Z,177064421750500
"""Neku @ HZmCRZd6SG"" folds",2026-02-09T13:36:55.011Z,177064421501100
"""engawa @ cCFXQyltQ-"" raises to 40",2026-02-09T13:36:53.266Z,177064421326600
"""すとふぁ @ M4pyIQvfB9"" folds",2026-02-09T13:36:50.517Z,177064421051700
"WARNING: the admin queued the stack change for the player ""揚げもち @ 3liBhfdN10"" reseting to 2000 chips in the next hand.",2026-02-09T13:36:50.485Z,177064421048500
"""揚げもち @ 3liBhfdN10"" posts a big blind of 20",2026-02-09T13:36:48.426Z,177064420842609
"""ゴン02（江戸犬） @ AblUkPGGlZ"" posts a small blind of 10",2026-02-09T13:36:48.426Z,177064420842608
"Player stacks: #1 ""engawa @ cCFXQyltQ-"" (3430) | #2 ""Neku @ HZmCRZd6SG"" (2780) | #6 ""arash! @ PB93yGRdRr"" (2800) | #7 ""ゴン02（江戸犬） @ AblUkPGGlZ"" (2070) | #8 ""揚げもち @ 3liBhfdN10"" (2000) | #9 ""すとふぁ @ M4pyIQvfB9"" (2770)",2026-02-09T13:36:48.426Z,177064420842601
"-- starting hand #22 (id: 7vvehmqmpshm)  No Limit Texas Hold'em (dealer: ""arash! @ PB93yGRdRr"") --",2026-02-09T13:36:48.426Z,177064420842600
"-- ending hand #21 --",2026-02-09T13:36:45.514Z,177064420551402
"""engawa @ cCFXQyltQ-"" collected 620 from pot",2026-02-09T13:36:45.514Z,177064420551401
"Uncalled bet of 310 returned to ""engawa @ cCFXQyltQ-""",2026-02-09T13:36:45.514Z,177064420551400
"""arash! @ PB93yGRdRr"" folds",2026-02-09T13:36:44.663Z,177064420466300
"""engawa @ cCFXQyltQ-"" bets 310",2026-02-09T13:36:42.911Z,177064420291100
"""arash! @ PB93yGRdRr"" checks",2026-02-09T13:36:24.663Z,177064418466300
"Turn: 4♦, J♠, K♥ [2♥]",2026-02-09T13:36:19.723Z,177064417972300
"""engawa @ cCFXQyltQ-"" calls 120",2026-02-09T13:36:18.877Z,177064417887700
"""arash! @ PB93yGRdRr"" bets 120",2026-02-09T13:36:10.954Z,177064417095400
"Flop:  [4♦, J♠, K♥]",2026-02-09T13:36:02.548Z,177064416254800
"""engawa @ cCFXQyltQ-"" calls 180",2026-02-09T13:36:01.682Z,177064416168200
"""ゴン02（江戸犬） @ AblUkPGGlZ"" folds",2026-02-09T13:35:53.930Z,177064415393000
"""arash! @ PB93yGRdRr"" raises to 180",2026-02-09T13:35:45.210Z,177064414521000
"""Neku @ HZmCRZd6SG"" folds",2026-02-09T13:35:38.893Z,177064413889300
"""engawa @ cCFXQyltQ-"" raises to 40",2026-02-09T13:35:37.853Z,177064413785300
"""すとふぁ @ M4pyIQvfB9"" folds",2026-02-09T13:35:29.494Z,177064412949400
"""揚げもち @ 3liBhfdN10"" folds",2026-02-09T13:35:27.820Z,177064412782000
"""ゴン02（江戸犬） @ AblUkPGGlZ"" posts a big blind of 20",2026-02-09T13:35:26.466Z,177064412646609
"""arash! @ PB93yGRdRr"" posts a small blind of 10",2026-02-09T13:35:26.466Z,177064412646608
"Player stacks: #1 ""engawa @ cCFXQyltQ-"" (3110) | #2 ""Neku @ HZmCRZd6SG"" (2780) | #6 ""arash! @ PB93yGRdRr"" (3100) | #7 ""ゴン02（江戸犬） @ AblUkPGGlZ"" (2090) | #8 ""揚げもち @ 3liBhfdN10"" (2000) | #9 ""すとふぁ @ M4pyIQvfB9"" (2770)",2026-02-09T13:35:26.466Z,177064412646601
"-- starting hand #21 (id: euvkb3bkkqwy)  No Limit Texas Hold'em (dealer: ""Neku @ HZmCRZd6SG"") --",2026-02-09T13:35:26.466Z,177064412646600
"-- ending hand #20 --",2026-02-09T13:35:23.561Z,177064412356102
"""ゴン02（江戸犬） @ AblUkPGGlZ"" collected 50 from pot",2026-02-09T13:35:23.561Z,177064412356101
"Uncalled bet of 20 returned to ""ゴン02（江戸犬） @ AblUkPGGlZ""",2026-02-09T13:35:23.561Z,177064412356100
"""arash! @ PB93yGRdRr"" folds",2026-02-09T13:35:22.756Z,177064412275600
"""Neku @ HZmCRZd6SG"" folds",2026-02-09T13:35:21.738Z,177064412173800
"""engawa @ cCFXQyltQ-"" folds",2026-02-09T13:35:19.992Z,177064411999200
"""すとふぁ @ M4pyIQvfB9"" folds",2026-02-09T13:35:17.294Z,177064411729400
"""揚げもち @ 3liBhfdN10"" folds",2026-02-09T13:35:16.212Z,177064411621200
"""ゴン02（江戸犬） @ AblUkPGGlZ"" raises to 40",2026-02-09T13:35:14.699Z,177064411469900
"""arash! @ PB93yGRdRr"" posts a big blind of 20",2026-02-09T13:35:11.555Z,177064411155509
"""Neku @ HZmCRZd6SG"" posts a small blind of 10",2026-02-09T13:35:11.555Z,177064411155508
"Player stacks: #1 ""engawa @ cCFXQyltQ-"" (3110) | #2 ""Neku @ HZmCRZd6SG"" (2790) | #6 ""arash! @ PB93yGRdRr"" (3120) | #7 ""ゴン02（江戸犬） @ AblUkPGGlZ"" (2060) | #8 ""揚げもち @ 3liBhfdN10"" (2000) | #9 ""すとふぁ @ M4pyIQvfB9"" (2770)",2026-02-09T13:35:11.555Z,177064411155501
"-- starting hand #20 (id: 6ridw3hyyc7q)  No Limit Texas Hold'em (dealer: ""engawa @ cCFXQyltQ-"") --",2026-02-09T13:35:11.555Z,177064411155500
"-- ending hand #19 --",2026-02-09T13:35:08.633Z,177064410863302
"""engawa @ cCFXQyltQ-"" collected 400 from pot",2026-02-09T13:35:08.633Z,177064410863301
"Uncalled bet of 300 returned to ""engawa @ cCFXQyltQ-""",2026-02-09T13:35:08.633Z,177064410863300
"""Neku @ HZmCRZd6SG"" folds",2026-02-09T13:35:07.807Z,177064410780700
"""engawa @ cCFXQyltQ-"" bets 300",2026-02-09T13:35:05.254Z,177064410525400
"River: 8♥, 7♥, 6♠, 3♠ [5♠]",2026-02-09T13:34:48.902Z,177064408890200
"""engawa @ cCFXQyltQ-"" calls 100",2026-02-09T13:34:48.084Z,177064408808400
"""Neku @ HZmCRZd6SG"" bets 100",2026-02-09T13:34:41.938Z,177064408193800
"""engawa @ cCFXQyltQ-"" checks",2026-02-09T13:34:18.016Z,177064405801600
"Turn: 8♥, 7♥, 6♠ [3♠]",2026-02-09T13:34:16.586Z,177064405658600
"""engawa @ cCFXQyltQ-"" calls 40",2026-02-09T13:34:15.757Z,177064405575700
"""Neku @ HZmCRZd6SG"" bets 40",2026-02-09T13:34:03.253Z,177064404325300
"""engawa @ cCFXQyltQ-"" checks",2026-02-09T13:33:52.479Z,177064403247900
"Flop:  [8♥, 7♥, 6♠]",2026-02-09T13:33:49.068Z,177064402906800
"""Neku @ HZmCRZd6SG"" calls 60",2026-02-09T13:33:48.249Z,177064402824900
"""engawa @ cCFXQyltQ-"" raises to 60",2026-02-09T13:33:43.859Z,177064402385900
"""すとふぁ @ M4pyIQvfB9"" folds",2026-02-09T13:33:36.834Z,177064401683400
"""揚げもち @ 3liBhfdN10"" folds",2026-02-09T13:33:31.403Z,177064401140300
"""ゴン02（江戸犬） @ AblUkPGGlZ"" folds",2026-02-09T13:33:30.369Z,177064401036900
"""arash! @ PB93yGRdRr"" folds",2026-02-09T13:33:29.313Z,177064400931300
"""Neku @ HZmCRZd6SG"" posts a big blind of 20",2026-02-09T13:33:27.856Z,177064400785609
"""engawa @ cCFXQyltQ-"" posts a small blind of 10",2026-02-09T13:33:27.856Z,177064400785608
"Player stacks: #1 ""engawa @ cCFXQyltQ-"" (2910) | #2 ""Neku @ HZmCRZd6SG"" (2990) | #6 ""arash! @ PB93yGRdRr"" (3120) | #7 ""ゴン02（江戸犬） @ AblUkPGGlZ"" (2060) | #8 ""揚げもち @ 3liBhfdN10"" (2000) | #9 ""すとふぁ @ M4pyIQvfB9"" (2770)",2026-02-09T13:33:27.856Z,177064400785601
"-- starting hand #19 (id: orl7cfeoghi9)  No Limit Texas Hold'em (dealer: ""すとふぁ @ M4pyIQvfB9"") --",2026-02-09T13:33:27.856Z,177064400785600
"-- ending hand #18 --",2026-02-09T13:33:24.953Z,177064400495302
"""arash! @ PB93yGRdRr"" collected 130 from pot",2026-02-09T13:33:24.953Z,177064400495301
"Uncalled bet of 40 returned to ""arash! @ PB93yGRdRr""",2026-02-09T13:33:24.953Z,177064400495300
"""engawa @ cCFXQyltQ-"" folds",2026-02-09T13:33:24.097Z,177064400409700
"""arash! @ PB93yGRdRr"" bets 40",2026-02-09T13:33:20.803Z,177064400080300
"""engawa @ cCFXQyltQ-"" checks",2026-02-09T13:33:13.665Z,177064399366500
"Flop:  [K♠, 7♦, 10♦]",2026-02-09T13:33:11.223Z,177064399122300
"""engawa @ cCFXQyltQ-"" calls 60",2026-02-09T13:33:10.402Z,177064399040200
"""すとふぁ @ M4pyIQvfB9"" folds",2026-02-09T13:33:04.165Z,177064398416500
"""揚げもち @ 3liBhfdN10"" folds",2026-02-09T13:33:03.040Z,177064398304000
"""ゴン02（江戸犬） @ AblUkPGGlZ"" folds",2026-02-09T13:33:02.016Z,177064398201600
"""arash! @ PB93yGRdRr"" raises to 60",2026-02-09T13:33:00.867Z,177064398086700
"""Neku @ HZmCRZd6SG"" folds",2026-02-09T13:32:58.530Z,177064397853000
"""engawa @ cCFXQyltQ-"" posts a big blind of 20",2026-02-09T13:32:55.802Z,177064397580210
"""すとふぁ @ M4pyIQvfB9"" posts a small blind of 10",2026-02-09T13:32:55.802Z,177064397580209
"Player stacks: #1 ""engawa @ cCFXQyltQ-"" (2970) | #2 ""Neku @ HZmCRZd6SG"" (2990) | #6 ""arash! @ PB93yGRdRr"" (3050) | #7 ""ゴン02（江戸犬） @ AblUkPGGlZ"" (2060) | #8 ""揚げもち @ 3liBhfdN10"" (2000) | #9 ""すとふぁ @ M4pyIQvfB9"" (2780)",2026-02-09T13:32:55.802Z,177064397580202
"-- starting hand #18 (id: pn7p1bztvzxh)  No Limit Texas Hold'em (dealer: ""揚げもち @ 3liBhfdN10"") --",2026-02-09T13:32:55.802Z,177064397580201
"The admin updated the player ""揚げもち @ 3liBhfdN10"" stack from 1990 to 2000.",2026-02-09T13:32:55.802Z,177064397580200
"-- ending hand #17 --",2026-02-09T13:32:52.865Z,177064397286502
"""すとふぁ @ M4pyIQvfB9"" collected 110 from pot",2026-02-09T13:32:52.865Z,177064397286501
"Uncalled bet of 55 returned to ""すとふぁ @ M4pyIQvfB9""",2026-02-09T13:32:52.865Z,177064397286500
"""ゴン02（江戸犬） @ AblUkPGGlZ"" folds",2026-02-09T13:32:52.035Z,177064397203500
"""すとふぁ @ M4pyIQvfB9"" bets 55",2026-02-09T13:32:47.695Z,177064396769500
"River: J♥, 7♣, Q♥, 4♦ [6♣]",2026-02-09T13:32:36.240Z,177064395624000
"""ゴン02（江戸犬） @ AblUkPGGlZ"" checks",2026-02-09T13:32:35.410Z,177064395541000
"""すとふぁ @ M4pyIQvfB9"" checks",2026-02-09T13:32:17.434Z,177064393743400
"Turn: J♥, 7♣, Q♥ [4♦]",2026-02-09T13:32:11.516Z,177064393151600
"""ゴン02（江戸犬） @ AblUkPGGlZ"" checks",2026-02-09T13:32:10.688Z,177064393068800
"""すとふぁ @ M4pyIQvfB9"" checks",2026-02-09T13:32:05.264Z,177064392526400
"Flop:  [J♥, 7♣, Q♥]",2026-02-09T13:32:03.121Z,177064392312100
"""すとふぁ @ M4pyIQvfB9"" calls 50",2026-02-09T13:32:02.285Z,177064392228500
"""揚げもち @ 3liBhfdN10"" folds",2026-02-09T13:31:59.504Z,177064391950400
"""ゴン02（江戸犬） @ AblUkPGGlZ"" raises to 50",2026-02-09T13:31:58.113Z,177064391811300
"""arash! @ PB93yGRdRr"" folds",2026-02-09T13:31:52.741Z,177064391274100
"""Neku @ HZmCRZd6SG"" folds",2026-02-09T13:31:49.734Z,177064390973400
"WARNING: the admin queued the stack change for the player ""揚げもち @ 3liBhfdN10"" reseting to 2000 chips in the next hand.",2026-02-09T13:31:49.241Z,177064390924100
"""engawa @ cCFXQyltQ-"" folds",2026-02-09T13:31:48.537Z,177064390853700
"""すとふぁ @ M4pyIQvfB9"" posts a big blind of 20",2026-02-09T13:31:46.332Z,177064390633210
"""揚げもち @ 3liBhfdN10"" posts a small blind of 10",2026-02-09T13:31:46.332Z,177064390633209
"Player stacks: #1 ""engawa @ cCFXQyltQ-"" (2970) | #2 ""Neku @ HZmCRZd6SG"" (2990) | #6 ""arash! @ PB93yGRdRr"" (3050) | #7 ""ゴン02（江戸犬） @ AblUkPGGlZ"" (2110) | #8 ""揚げもち @ 3liBhfdN10"" (2000) | #9 ""すとふぁ @ M4pyIQvfB9"" (2720)",2026-02-09T13:31:46.332Z,177064390633202
"-- starting hand #17 (id: uazxkasrllfc)  No Limit Texas Hold'em (dealer: ""ゴン02（江戸犬） @ AblUkPGGlZ"") --",2026-02-09T13:31:46.332Z,177064390633201
"The admin updated the player ""揚げもち @ 3liBhfdN10"" stack from 1980 to 2000.",2026-02-09T13:31:46.332Z,177064390633200
"-- ending hand #16 --",2026-02-09T13:31:43.367Z,177064390336702
"""すとふぁ @ M4pyIQvfB9"" collected 50 from pot",2026-02-09T13:31:43.367Z,177064390336701
"Uncalled bet of 20 returned to ""すとふぁ @ M4pyIQvfB9""",2026-02-09T13:31:43.367Z,177064390336700
"""揚げもち @ 3liBhfdN10"" folds",2026-02-09T13:31:42.541Z,177064390254100
"""ゴン02（江戸犬） @ AblUkPGGlZ"" folds",2026-02-09T13:31:32.335Z,177064389233500
"""arash! @ PB93yGRdRr"" folds",2026-02-09T13:31:31.318Z,177064389131800
"""Neku @ HZmCRZd6SG"" folds",2026-02-09T13:31:30.313Z,177064389031300
"""engawa @ cCFXQyltQ-"" folds",2026-02-09T13:31:28.245Z,177064388824500
"""すとふぁ @ M4pyIQvfB9"" raises to 40",2026-02-09T13:31:27.201Z,177064388720100
"WARNING: the admin queued the stack change for the player ""揚げもち @ 3liBhfdN10"" reseting to 2000 chips in the next hand.",2026-02-09T13:31:25.295Z,177064388529500
"""揚げもち @ 3liBhfdN10"" posts a big blind of 20",2026-02-09T13:31:23.120Z,177064388312009
"""ゴン02（江戸犬） @ AblUkPGGlZ"" posts a small blind of 10",2026-02-09T13:31:23.120Z,177064388312008
"Player stacks: #1 ""engawa @ cCFXQyltQ-"" (2970) | #2 ""Neku @ HZmCRZd6SG"" (2990) | #6 ""arash! @ PB93yGRdRr"" (3050) | #7 ""ゴン02（江戸犬） @ AblUkPGGlZ"" (2120) | #8 ""揚げもち @ 3liBhfdN10"" (2000) | #9 ""すとふぁ @ M4pyIQvfB9"" (2690)",2026-02-09T13:31:23.120Z,177064388312001
"-- starting hand #16 (id: aesops23dyu2)  No Limit Texas Hold'em (dealer: ""arash! @ PB93yGRdRr"") --",2026-02-09T13:31:23.120Z,177064388312000
"-- ending hand #15 --",2026-02-09T13:31:20.160Z,177064388016002
"""ゴン02（江戸犬） @ AblUkPGGlZ"" collected 20 from pot",2026-02-09T13:31:20.160Z,177064388016001
"Uncalled bet of 10 returned to ""ゴン02（江戸犬） @ AblUkPGGlZ""",2026-02-09T13:31:20.160Z,177064388016000
"""arash! @ PB93yGRdRr"" folds",2026-02-09T13:31:19.348Z,177064387934800
"""Neku @ HZmCRZd6SG"" folds",2026-02-09T13:31:18.324Z,177064387832400
"""engawa @ cCFXQyltQ-"" folds",2026-02-09T13:31:17.265Z,177064387726500
"""すとふぁ @ M4pyIQvfB9"" folds",2026-02-09T13:30:57.909Z,177064385790900
"""揚げもち @ 3liBhfdN10"" folds",2026-02-09T13:30:56.849Z,177064385684900
"""ゴン02（江戸犬） @ AblUkPGGlZ"" posts a big blind of 20",2026-02-09T13:30:54.719Z,177064385471909
"""arash! @ PB93yGRdRr"" posts a small blind of 10",2026-02-09T13:30:54.719Z,177064385471908
"Player stacks: #1 ""engawa @ cCFXQyltQ-"" (2970) | #2 ""Neku @ HZmCRZd6SG"" (2990) | #6 ""arash! @ PB93yGRdRr"" (3060) | #7 ""ゴン02（江戸犬） @ AblUkPGGlZ"" (2110) | #8 ""揚げもち @ 3liBhfdN10"" (2000) | #9 ""すとふぁ @ M4pyIQvfB9"" (2690)",2026-02-09T13:30:54.719Z,177064385471901
"-- starting hand #15 (id: 2fc85j9trhwq)  No Limit Texas Hold'em (dealer: ""Neku @ HZmCRZd6SG"") --",2026-02-09T13:30:54.719Z,177064385471900
"-- ending hand #14 --",2026-02-09T13:30:51.814Z,177064385181402
"""Neku @ HZmCRZd6SG"" collected 120 from pot",2026-02-09T13:30:51.814Z,177064385181401
"Uncalled bet of 180 returned to ""Neku @ HZmCRZd6SG""",2026-02-09T13:30:51.814Z,177064385181400
"""すとふぁ @ M4pyIQvfB9"" folds",2026-02-09T13:30:50.921Z,177064385092100
"""arash! @ PB93yGRdRr"" folds",2026-02-09T13:30:49.910Z,177064384991000
"""Neku @ HZmCRZd6SG"" raises to 230",2026-02-09T13:30:48.912Z,177064384891200
"""engawa @ cCFXQyltQ-"" folds",2026-02-09T13:30:41.491Z,177064384149100
"""すとふぁ @ M4pyIQvfB9"" raises to 50",2026-02-09T13:30:31.591Z,177064383159100
"""揚げもち @ 3liBhfdN10"" folds",2026-02-09T13:30:28.673Z,177064382867300
"""ゴン02（江戸犬） @ AblUkPGGlZ"" folds",2026-02-09T13:30:27.660Z,177064382766000
"""arash! @ PB93yGRdRr"" posts a big blind of 20",2026-02-09T13:30:26.389Z,177064382638909
"""Neku @ HZmCRZd6SG"" posts a small blind of 10",2026-02-09T13:30:26.389Z,177064382638908
"Player stacks: #1 ""engawa @ cCFXQyltQ-"" (2970) | #2 ""Neku @ HZmCRZd6SG"" (2920) | #6 ""arash! @ PB93yGRdRr"" (3080) | #7 ""ゴン02（江戸犬） @ AblUkPGGlZ"" (2110) | #8 ""揚げもち @ 3liBhfdN10"" (2000) | #9 ""すとふぁ @ M4pyIQvfB9"" (2740)",2026-02-09T13:30:26.389Z,177064382638901
"-- starting hand #14 (id: rfkow3uftsrl)  No Limit Texas Hold'em (dealer: ""engawa @ cCFXQyltQ-"") --",2026-02-09T13:30:26.389Z,177064382638900
"-- ending hand #13 --",2026-02-09T13:30:23.463Z,177064382346302
"""ゴン02（江戸犬） @ AblUkPGGlZ"" collected 90 from pot",2026-02-09T13:30:23.463Z,177064382346301
"Uncalled bet of 120 returned to ""ゴン02（江戸犬） @ AblUkPGGlZ""",2026-02-09T13:30:23.463Z,177064382346300
"""Neku @ HZmCRZd6SG"" folds",2026-02-09T13:30:22.642Z,177064382264200
"""ゴン02（江戸犬） @ AblUkPGGlZ"" bets 120",2026-02-09T13:30:18.415Z,177064381841500
"""Neku @ HZmCRZd6SG"" checks",2026-02-09T13:30:05.956Z,177064380595600
"Flop:  [A♥, 3♣, 10♦]",2026-02-09T13:30:03.378Z,177064380337800
"""Neku @ HZmCRZd6SG"" calls 40",2026-02-09T13:30:02.547Z,177064380254700
"""engawa @ cCFXQyltQ-"" folds",2026-02-09T13:29:58.299Z,177064379829900
"""すとふぁ @ M4pyIQvfB9"" folds",2026-02-09T13:29:57.289Z,177064379728900
"""揚げもち @ 3liBhfdN10"" folds",2026-02-09T13:29:56.181Z,177064379618100
"""ゴン02（江戸犬） @ AblUkPGGlZ"" raises to 40",2026-02-09T13:29:55.126Z,177064379512600
"""arash! @ PB93yGRdRr"" folds",2026-02-09T13:29:51.502Z,177064379150200
"""Neku @ HZmCRZd6SG"" posts a big blind of 20",2026-02-09T13:29:48.228Z,177064378822809
"""engawa @ cCFXQyltQ-"" posts a small blind of 10",2026-02-09T13:29:48.228Z,177064378822808
"Player stacks: #1 ""engawa @ cCFXQyltQ-"" (2980) | #2 ""Neku @ HZmCRZd6SG"" (2960) | #6 ""arash! @ PB93yGRdRr"" (3080) | #7 ""ゴン02（江戸犬） @ AblUkPGGlZ"" (2060) | #8 ""揚げもち @ 3liBhfdN10"" (2000) | #9 ""すとふぁ @ M4pyIQvfB9"" (2740)",2026-02-09T13:29:48.228Z,177064378822801
"-- starting hand #13 (id: upby4eas0jdk)  No Limit Texas Hold'em (dealer: ""すとふぁ @ M4pyIQvfB9"") --",2026-02-09T13:29:48.228Z,177064378822800
"-- ending hand #12 --",2026-02-09T13:29:45.259Z,177064378525902
"""Neku @ HZmCRZd6SG"" collected 50 from pot",2026-02-09T13:29:45.259Z,177064378525901
"Uncalled bet of 30 returned to ""Neku @ HZmCRZd6SG""",2026-02-09T13:29:45.259Z,177064378525900
"""engawa @ cCFXQyltQ-"" folds",2026-02-09T13:29:44.451Z,177064378445100
"""すとふぁ @ M4pyIQvfB9"" folds",2026-02-09T13:29:43.440Z,177064378344000
"""揚げもち @ 3liBhfdN10"" folds",2026-02-09T13:29:42.399Z,177064378239900
"""ゴン02（江戸犬） @ AblUkPGGlZ"" folds",2026-02-09T13:29:41.295Z,177064378129500
"""arash! @ PB93yGRdRr"" folds",2026-02-09T13:29:40.270Z,177064378027000
"""Neku @ HZmCRZd6SG"" raises to 50",2026-02-09T13:29:37.409Z,177064377740900
"""engawa @ cCFXQyltQ-"" posts a big blind of 20",2026-02-09T13:29:30.021Z,177064377002110
"""すとふぁ @ M4pyIQvfB9"" posts a small blind of 10",2026-02-09T13:29:30.021Z,177064377002109
"Player stacks: #1 ""engawa @ cCFXQyltQ-"" (3000) | #2 ""Neku @ HZmCRZd6SG"" (2930) | #6 ""arash! @ PB93yGRdRr"" (3080) | #7 ""ゴン02（江戸犬） @ AblUkPGGlZ"" (2060) | #8 ""揚げもち @ 3liBhfdN10"" (2000) | #9 ""すとふぁ @ M4pyIQvfB9"" (2750)",2026-02-09T13:29:30.021Z,177064377002102
"-- starting hand #12 (id: aqudrimyg03q)  No Limit Texas Hold'em (dealer: ""揚げもち @ 3liBhfdN10"") --",2026-02-09T13:29:30.021Z,177064377002101
"The admin updated the player ""揚げもち @ 3liBhfdN10"" stack from 1990 to 2000.",2026-02-09T13:29:30.021Z,177064377002100
"-- ending hand #11 --",2026-02-09T13:29:27.058Z,177064376705802
"""ゴン02（江戸犬） @ AblUkPGGlZ"" collected 110 from pot",2026-02-09T13:29:27.058Z,177064376705801
"Uncalled bet of 34 returned to ""ゴン02（江戸犬） @ AblUkPGGlZ""",2026-02-09T13:29:27.058Z,177064376705800
"""すとふぁ @ M4pyIQvfB9"" folds",2026-02-09T13:29:26.238Z,177064376623800
"""ゴン02（江戸犬） @ AblUkPGGlZ"" bets 34",2026-02-09T13:29:20.995Z,177064376099500
"""すとふぁ @ M4pyIQvfB9"" checks",2026-02-09T13:29:01.094Z,177064374109400
"Flop:  [A♣, 4♦, 6♠]",2026-02-09T13:28:57.929Z,177064373792900
"""すとふぁ @ M4pyIQvfB9"" calls 50",2026-02-09T13:28:57.045Z,177064373704500
"""揚げもち @ 3liBhfdN10"" folds",2026-02-09T13:28:55.112Z,177064373511200
"""ゴン02（江戸犬） @ AblUkPGGlZ"" raises to 50",2026-02-09T13:28:53.526Z,177064373352600
"""arash! @ PB93yGRdRr"" folds",2026-02-09T13:28:47.114Z,177064372711400
"""Neku @ HZmCRZd6SG"" folds",2026-02-09T13:28:46.034Z,177064372603400
"""engawa @ cCFXQyltQ-"" folds",2026-02-09T13:28:45.021Z,177064372502100
"WARNING: the admin queued the stack change for the player ""揚げもち @ 3liBhfdN10"" reseting to 2000 chips in the next hand.",2026-02-09T13:28:10.778Z,177064369077800
"""すとふぁ @ M4pyIQvfB9"" posts a big blind of 20",2026-02-09T13:28:07.128Z,177064368712811
"""揚げもち @ 3liBhfdN10"" posts a small blind of 10",2026-02-09T13:28:07.128Z,177064368712810
"Player stacks: #1 ""engawa @ cCFXQyltQ-"" (3000) | #2 ""Neku @ HZmCRZd6SG"" (2930) | #6 ""arash! @ PB93yGRdRr"" (3080) | #7 ""ゴン02（江戸犬） @ AblUkPGGlZ"" (2000) | #8 ""揚げもち @ 3liBhfdN10"" (2000) | #9 ""すとふぁ @ M4pyIQvfB9"" (2800)",2026-02-09T13:28:07.128Z,177064368712803
"-- starting hand #11 (id: z6sjmycwp3gu)  No Limit Texas Hold'em (dealer: ""ゴン02（江戸犬） @ AblUkPGGlZ"") --",2026-02-09T13:28:07.128Z,177064368712802
"The admin updated the player ""揚げもち @ 3liBhfdN10"" stack from 1980 to 2000.",2026-02-09T13:28:07.128Z,177064368712801
"The admin updated the player ""ゴン02（江戸犬） @ AblUkPGGlZ"" stack from 2020 to 2000.",2026-02-09T13:28:07.128Z,177064368712800
"-- ending hand #10 --",2026-02-09T13:28:04.197Z,177064368419702
"""ゴン02（江戸犬） @ AblUkPGGlZ"" collected 40 from pot",2026-02-09T13:28:04.197Z,177064368419701
"Uncalled bet of 40 returned to ""ゴン02（江戸犬） @ AblUkPGGlZ""",2026-02-09T13:28:04.197Z,177064368419700
"""揚げもち @ 3liBhfdN10"" folds",2026-02-09T13:28:03.375Z,177064368337500
"""ゴン02（江戸犬） @ AblUkPGGlZ"" raises to 60",2026-02-09T13:28:02.273Z,177064368227300
"""arash! @ PB93yGRdRr"" folds",2026-02-09T13:27:53.431Z,177064367343100
"""Neku @ HZmCRZd6SG"" folds",2026-02-09T13:27:52.341Z,177064367234100
"""engawa @ cCFXQyltQ-"" folds",2026-02-09T13:27:51.270Z,177064367127000
"WARNING: the admin queued the stack change for the player ""揚げもち @ 3liBhfdN10"" reseting to 2000 chips in the next hand.",2026-02-09T13:27:49.238Z,177064366923800
"WARNING: the admin queued the stack change for the player ""ゴン02（江戸犬） @ AblUkPGGlZ"" reseting to 2000 chips in the next hand.",2026-02-09T13:27:47.782Z,177064366778200
"""すとふぁ @ M4pyIQvfB9"" folds",2026-02-09T13:27:47.124Z,177064366712400
"""揚げもち @ 3liBhfdN10"" posts a big blind of 20",2026-02-09T13:27:45.019Z,177064366501910
"""ゴン02（江戸犬） @ AblUkPGGlZ"" posts a small blind of 10",2026-02-09T13:27:45.019Z,177064366501909
"Player stacks: #1 ""engawa @ cCFXQyltQ-"" (3000) | #2 ""Neku @ HZmCRZd6SG"" (2930) | #6 ""arash! @ PB93yGRdRr"" (3080) | #7 ""ゴン02（江戸犬） @ AblUkPGGlZ"" (2000) | #8 ""揚げもち @ 3liBhfdN10"" (2000) | #9 ""すとふぁ @ M4pyIQvfB9"" (2800)",2026-02-09T13:27:45.019Z,177064366501902
"-- starting hand #10 (id: zq0iicbctqqz)  No Limit Texas Hold'em (dealer: ""arash! @ PB93yGRdRr"") --",2026-02-09T13:27:45.019Z,177064366501901
"The admin updated the player ""ゴン02（江戸犬） @ AblUkPGGlZ"" stack from 1980 to 2000.",2026-02-09T13:27:45.019Z,177064366501900
"-- ending hand #9 --",2026-02-09T13:27:42.097Z,177064366209702
"""engawa @ cCFXQyltQ-"" collected 50 from pot",2026-02-09T13:27:42.097Z,177064366209701
"Uncalled bet of 20 returned to ""engawa @ cCFXQyltQ-""",2026-02-09T13:27:42.097Z,177064366209700
"""ゴン02（江戸犬） @ AblUkPGGlZ"" folds",2026-02-09T13:27:41.283Z,177064366128300
"""arash! @ PB93yGRdRr"" folds",2026-02-09T13:27:38.482Z,177064365848200
"""Neku @ HZmCRZd6SG"" folds",2026-02-09T13:27:37.342Z,177064365734200
"""engawa @ cCFXQyltQ-"" raises to 40",2026-02-09T13:27:36.324Z,177064365632400
"WARNING: the admin queued the stack change for the player ""ゴン02（江戸犬） @ AblUkPGGlZ"" reseting to 2000 chips in the next hand.",2026-02-09T13:27:08.620Z,177064362862000
"""すとふぁ @ M4pyIQvfB9"" folds",2026-02-09T13:27:08.428Z,177064362842800
"""揚げもち @ 3liBhfdN10"" folds",2026-02-09T13:27:07.328Z,177064362732800
"""ゴン02（江戸犬） @ AblUkPGGlZ"" posts a big blind of 20",2026-02-09T13:27:05.774Z,177064362577409
"""arash! @ PB93yGRdRr"" posts a small blind of 10",2026-02-09T13:27:05.774Z,177064362577408
"Player stacks: #1 ""engawa @ cCFXQyltQ-"" (2970) | #2 ""Neku @ HZmCRZd6SG"" (2930) | #6 ""arash! @ PB93yGRdRr"" (3090) | #7 ""ゴン02（江戸犬） @ AblUkPGGlZ"" (2000) | #8 ""揚げもち @ 3liBhfdN10"" (2000) | #9 ""すとふぁ @ M4pyIQvfB9"" (2800)",2026-02-09T13:27:05.774Z,177064362577401
"-- starting hand #9 (id: ijfwvipox4yy)  No Limit Texas Hold'em (dealer: ""Neku @ HZmCRZd6SG"") --",2026-02-09T13:27:05.774Z,177064362577400
"-- ending hand #8 --",2026-02-09T13:27:02.865Z,177064362286502
"""すとふぁ @ M4pyIQvfB9"" collected 110 from pot",2026-02-09T13:27:02.865Z,177064362286501
"Uncalled bet of 50 returned to ""すとふぁ @ M4pyIQvfB9""",2026-02-09T13:27:02.865Z,177064362286500
"""arash! @ PB93yGRdRr"" folds",2026-02-09T13:27:02.057Z,177064362205700
"""すとふぁ @ M4pyIQvfB9"" bets 50",2026-02-09T13:26:56.106Z,177064361610600
"""arash! @ PB93yGRdRr"" checks",2026-02-09T13:26:49.433Z,177064360943300
"Flop:  [2♦, A♦, J♠]",2026-02-09T13:26:43.845Z,177064360384500
"""arash! @ PB93yGRdRr"" calls 50",2026-02-09T13:26:43.034Z,177064360303400
"""Neku @ HZmCRZd6SG"" folds",2026-02-09T13:26:40.517Z,177064360051700
"""engawa @ cCFXQyltQ-"" folds",2026-02-09T13:26:39.504Z,177064359950400
"""すとふぁ @ M4pyIQvfB9"" raises to 50",2026-02-09T13:26:35.124Z,177064359512400
"""揚げもち @ 3liBhfdN10"" folds",2026-02-09T13:26:32.129Z,177064359212900
"""ゴン02（江戸犬） @ AblUkPGGlZ"" folds",2026-02-09T13:26:30.986Z,177064359098600
"""arash! @ PB93yGRdRr"" posts a big blind of 20",2026-02-09T13:26:27.617Z,177064358761709
"""Neku @ HZmCRZd6SG"" posts a small blind of 10",2026-02-09T13:26:27.617Z,177064358761708
"Player stacks: #1 ""engawa @ cCFXQyltQ-"" (2970) | #2 ""Neku @ HZmCRZd6SG"" (2940) | #6 ""arash! @ PB93yGRdRr"" (3140) | #7 ""ゴン02（江戸犬） @ AblUkPGGlZ"" (2000) | #8 ""揚げもち @ 3liBhfdN10"" (2000) | #9 ""すとふぁ @ M4pyIQvfB9"" (2740)",2026-02-09T13:26:27.617Z,177064358761701
"-- starting hand #8 (id: fkqqslw5cuvn)  No Limit Texas Hold'em (dealer: ""engawa @ cCFXQyltQ-"") --",2026-02-09T13:26:27.617Z,177064358761700
"-- ending hand #7 --",2026-02-09T13:26:24.701Z,177064358470102
"""Neku @ HZmCRZd6SG"" collected 20 from pot",2026-02-09T13:26:24.701Z,177064358470101
"Uncalled bet of 10 returned to ""Neku @ HZmCRZd6SG""",2026-02-09T13:26:24.701Z,177064358470100
"""engawa @ cCFXQyltQ-"" folds",2026-02-09T13:26:23.890Z,177064358389000
"""すとふぁ @ M4pyIQvfB9"" folds",2026-02-09T13:26:22.856Z,177064358285600
"""揚げもち @ 3liBhfdN10"" folds",2026-02-09T13:26:21.786Z,177064358178600
"""ゴン02（江戸犬） @ AblUkPGGlZ"" folds",2026-02-09T13:26:20.643Z,177064358064300
"""arash! @ PB93yGRdRr"" folds",2026-02-09T13:26:17.658Z,177064357765800
"""Neku @ HZmCRZd6SG"" posts a big blind of 20",2026-02-09T13:26:16.017Z,177064357601710
"""engawa @ cCFXQyltQ-"" posts a small blind of 10",2026-02-09T13:26:16.017Z,177064357601709
"Player stacks: #1 ""engawa @ cCFXQyltQ-"" (2980) | #2 ""Neku @ HZmCRZd6SG"" (2930) | #6 ""arash! @ PB93yGRdRr"" (3140) | #7 ""ゴン02（江戸犬） @ AblUkPGGlZ"" (2000) | #8 ""揚げもち @ 3liBhfdN10"" (2000) | #9 ""すとふぁ @ M4pyIQvfB9"" (2740)",2026-02-09T13:26:16.017Z,177064357601702
"-- starting hand #7 (id: rltig70nl2l6)  No Limit Texas Hold'em (dealer: ""すとふぁ @ M4pyIQvfB9"") --",2026-02-09T13:26:16.017Z,177064357601701
"The admin updated the player ""ゴン02（江戸犬） @ AblUkPGGlZ"" stack from 1790 to 2000.",2026-02-09T13:26:16.017Z,177064357601700
"-- ending hand #6 --",2026-02-09T13:26:13.091Z,177064357309102
"""arash! @ PB93yGRdRr"" collected 50 from pot",2026-02-09T13:26:13.091Z,177064357309101
"Uncalled bet of 20 returned to ""arash! @ PB93yGRdRr""",2026-02-09T13:26:13.091Z,177064357309100
"""engawa @ cCFXQyltQ-"" folds",2026-02-09T13:26:12.240Z,177064357224000
"""すとふぁ @ M4pyIQvfB9"" folds",2026-02-09T13:25:48.783Z,177064354878300
"""揚げもち @ 3liBhfdN10"" folds",2026-02-09T13:25:47.775Z,177064354777500
"""ゴン02（江戸犬） @ AblUkPGGlZ"" folds",2026-02-09T13:25:46.750Z,177064354675000
"""arash! @ PB93yGRdRr"" raises to 40",2026-02-09T13:25:44.000Z,177064354400000
"WARNING: the admin queued the stack change for the player ""ゴン02（江戸犬） @ AblUkPGGlZ"" reseting to 2000 chips in the next hand.",2026-02-09T13:25:38.086Z,177064353808600
"""Neku @ HZmCRZd6SG"" folds",2026-02-09T13:25:37.624Z,177064353762400
"""engawa @ cCFXQyltQ-"" posts a big blind of 20",2026-02-09T13:25:35.572Z,177064353557210
"""すとふぁ @ M4pyIQvfB9"" posts a small blind of 10",2026-02-09T13:25:35.572Z,177064353557209
"Player stacks: #1 ""engawa @ cCFXQyltQ-"" (3000) | #2 ""Neku @ HZmCRZd6SG"" (2930) | #6 ""arash! @ PB93yGRdRr"" (3110) | #7 ""ゴン02（江戸犬） @ AblUkPGGlZ"" (1790) | #8 ""揚げもち @ 3liBhfdN10"" (2000) | #9 ""すとふぁ @ M4pyIQvfB9"" (2750)",2026-02-09T13:25:35.572Z,177064353557202
"-- starting hand #6 (id: z1bk6kbmcgdd)  No Limit Texas Hold'em (dealer: ""揚げもち @ 3liBhfdN10"") --",2026-02-09T13:25:35.572Z,177064353557201
"The admin updated the player ""揚げもち @ 3liBhfdN10"" stack from 1990 to 2000.",2026-02-09T13:25:35.572Z,177064353557200
"-- ending hand #5 --",2026-02-09T13:25:32.662Z,177064353266202
"""すとふぁ @ M4pyIQvfB9"" collected 430 from pot",2026-02-09T13:25:32.662Z,177064353266201
"Uncalled bet of 150 returned to ""すとふぁ @ M4pyIQvfB9""",2026-02-09T13:25:32.662Z,177064353266200
"""ゴン02（江戸犬） @ AblUkPGGlZ"" folds",2026-02-09T13:25:31.850Z,177064353185000
"""すとふぁ @ M4pyIQvfB9"" bets 150",2026-02-09T13:25:26.434Z,177064352643400
"Flop:  [K♦, 8♣, A♥]",2026-02-09T13:25:12.239Z,177064351223900
"""ゴン02（江戸犬） @ AblUkPGGlZ"" calls 210",2026-02-09T13:25:11.393Z,177064351139300
"""すとふぁ @ M4pyIQvfB9"" raises to 210",2026-02-09T13:24:53.154Z,177064349315400
"""揚げもち @ 3liBhfdN10"" folds",2026-02-09T13:24:47.971Z,177064348797100
"""ゴン02（江戸犬） @ AblUkPGGlZ"" raises to 50",2026-02-09T13:24:45.964Z,177064348596400
"""arash! @ PB93yGRdRr"" folds",2026-02-09T13:24:40.604Z,177064348060400
"""Neku @ HZmCRZd6SG"" folds",2026-02-09T13:24:39.599Z,177064347959900
"""engawa @ cCFXQyltQ-"" folds",2026-02-09T13:24:38.179Z,177064347817900
"WARNING: the admin queued the stack change for the player ""揚げもち @ 3liBhfdN10"" reseting to 2000 chips in the next hand.",2026-02-09T13:24:37.953Z,177064347795300
"""すとふぁ @ M4pyIQvfB9"" posts a big blind of 20",2026-02-09T13:24:35.480Z,177064347548011
"""揚げもち @ 3liBhfdN10"" posts a small blind of 10",2026-02-09T13:24:35.480Z,177064347548010
"Player stacks: #1 ""engawa @ cCFXQyltQ-"" (3000) | #2 ""Neku @ HZmCRZd6SG"" (2930) | #6 ""arash! @ PB93yGRdRr"" (3110) | #7 ""ゴン02（江戸犬） @ AblUkPGGlZ"" (2000) | #8 ""揚げもち @ 3liBhfdN10"" (2000) | #9 ""すとふぁ @ M4pyIQvfB9"" (2530)",2026-02-09T13:24:35.480Z,177064347548003
"-- starting hand #5 (id: gnrxwdicxfyr)  No Limit Texas Hold'em (dealer: ""ゴン02（江戸犬） @ AblUkPGGlZ"") --",2026-02-09T13:24:35.480Z,177064347548002
"The admin updated the player ""揚げもち @ 3liBhfdN10"" stack from 1980 to 2000.",2026-02-09T13:24:35.480Z,177064347548001
"The admin updated the player ""ゴン02（江戸犬） @ AblUkPGGlZ"" stack from 1990 to 2000.",2026-02-09T13:24:35.480Z,177064347548000
"-- ending hand #4 --",2026-02-09T13:24:32.571Z,177064347257102
"""すとふぁ @ M4pyIQvfB9"" collected 50 from pot",2026-02-09T13:24:32.571Z,177064347257101
"Uncalled bet of 20 returned to ""すとふぁ @ M4pyIQvfB9""",2026-02-09T13:24:32.571Z,177064347257100
"""揚げもち @ 3liBhfdN10"" folds",2026-02-09T13:24:31.713Z,177064347171300
"""ゴン02（江戸犬） @ AblUkPGGlZ"" folds",2026-02-09T13:24:30.667Z,177064347066700
"""arash! @ PB93yGRdRr"" folds",2026-02-09T13:24:29.614Z,177064346961400
"""Neku @ HZmCRZd6SG"" folds",2026-02-09T13:24:28.034Z,177064346803400
"""engawa @ cCFXQyltQ-"" folds",2026-02-09T13:24:26.838Z,177064346683800
"""すとふぁ @ M4pyIQvfB9"" raises to 40",2026-02-09T13:24:25.710Z,177064346571000
"WARNING: the admin queued the stack change for the player ""揚げもち @ 3liBhfdN10"" reseting to 2000 chips in the next hand.",2026-02-09T13:24:25.692Z,177064346569200
"WARNING: the admin queued the stack change for the player ""ゴン02（江戸犬） @ AblUkPGGlZ"" reseting to 2000 chips in the next hand.",2026-02-09T13:24:24.418Z,177064346441800
"""揚げもち @ 3liBhfdN10"" posts a big blind of 20",2026-02-09T13:24:21.600Z,177064346160011
"""ゴン02（江戸犬） @ AblUkPGGlZ"" posts a small blind of 10",2026-02-09T13:24:21.600Z,177064346160010
"Player stacks: #1 ""engawa @ cCFXQyltQ-"" (3000) | #2 ""Neku @ HZmCRZd6SG"" (2930) | #6 ""arash! @ PB93yGRdRr"" (3110) | #7 ""ゴン02（江戸犬） @ AblUkPGGlZ"" (2000) | #8 ""揚げもち @ 3liBhfdN10"" (2000) | #9 ""すとふぁ @ M4pyIQvfB9"" (2500)",2026-02-09T13:24:21.600Z,177064346160003
"-- starting hand #4 (id: jnqlok1exenn)  No Limit Texas Hold'em (dealer: ""arash! @ PB93yGRdRr"") --",2026-02-09T13:24:21.600Z,177064346160002
"The player ""揚げもち @ 3liBhfdN10"" joined the game with a stack of 2000.",2026-02-09T13:24:21.600Z,177064346160001
"The admin updated the player ""ゴン02（江戸犬） @ AblUkPGGlZ"" stack from 1960 to 2000.",2026-02-09T13:24:21.600Z,177064346160000
"-- ending hand #3 --",2026-02-09T13:24:18.673Z,177064345867302
"""engawa @ cCFXQyltQ-"" collected 90 from pot",2026-02-09T13:24:18.673Z,177064345867301
"Uncalled bet of 30 returned to ""engawa @ cCFXQyltQ-""",2026-02-09T13:24:18.673Z,177064345867300
"""ゴン02（江戸犬） @ AblUkPGGlZ"" folds",2026-02-09T13:24:17.852Z,177064345785200
"""engawa @ cCFXQyltQ-"" bets 30",2026-02-09T13:24:10.710Z,177064345071000
"The admin approved the player ""揚げもち @ 3liBhfdN10"" participation with a stack of 2000.",2026-02-09T13:23:56.632Z,177064343663200
"The player ""揚げもち @ 3liBhfdN10"" requested a seat.",2026-02-09T13:23:56.037Z,177064343603700
"""ゴン02（江戸犬） @ AblUkPGGlZ"" checks",2026-02-09T13:23:55.611Z,177064343561100
"Flop:  [2♥, K♣, K♦]",2026-02-09T13:23:48.960Z,177064342896000
"""ゴン02（江戸犬） @ AblUkPGGlZ"" calls 40",2026-02-09T13:23:48.141Z,177064342814100
"""arash! @ PB93yGRdRr"" folds",2026-02-09T13:23:45.929Z,177064342592900
"""Neku @ HZmCRZd6SG"" folds",2026-02-09T13:23:44.872Z,177064342487200
"""engawa @ cCFXQyltQ-"" raises to 40",2026-02-09T13:23:42.770Z,177064342277000
"""すとふぁ @ M4pyIQvfB9"" folds",2026-02-09T13:23:39.732Z,177064341973200
"WARNING: the admin queued the stack change for the player ""ゴン02（江戸犬） @ AblUkPGGlZ"" reseting to 2000 chips in the next hand.",2026-02-09T13:23:38.673Z,177064341867300
"""ゴン02（江戸犬） @ AblUkPGGlZ"" posts a big blind of 20",2026-02-09T13:23:35.809Z,177064341580909
"""arash! @ PB93yGRdRr"" posts a small blind of 10",2026-02-09T13:23:35.809Z,177064341580908
"Player stacks: #1 ""engawa @ cCFXQyltQ-"" (2950) | #2 ""Neku @ HZmCRZd6SG"" (2930) | #6 ""arash! @ PB93yGRdRr"" (3120) | #7 ""ゴン02（江戸犬） @ AblUkPGGlZ"" (2000) | #9 ""すとふぁ @ M4pyIQvfB9"" (2500)",2026-02-09T13:23:35.809Z,177064341580902
"-- starting hand #3 (id: ec2qvhgusntx)  No Limit Texas Hold'em (dealer: ""Neku @ HZmCRZd6SG"") --",2026-02-09T13:23:35.809Z,177064341580901
"The player ""ゴン02（江戸犬） @ AblUkPGGlZ"" joined the game with a stack of 2000.",2026-02-09T13:23:35.809Z,177064341580900
"-- ending hand #2 --",2026-02-09T13:23:32.906Z,177064341290602
"""arash! @ PB93yGRdRr"" collected 240 from pot",2026-02-09T13:23:32.906Z,177064341290601
"Uncalled bet of 200 returned to ""arash! @ PB93yGRdRr""",2026-02-09T13:23:32.906Z,177064341290600
"""Neku @ HZmCRZd6SG"" folds",2026-02-09T13:23:32.104Z,177064341210400
"""arash! @ PB93yGRdRr"" bets 200",2026-02-09T13:23:24.983Z,177064340498300
"""Neku @ HZmCRZd6SG"" checks",2026-02-09T13:23:19.118Z,177064339911800
"Turn: 3♣, 5♦, 6♦ [9♣]",2026-02-09T13:23:16.820Z,177064339682000
"""Neku @ HZmCRZd6SG"" calls 60",2026-02-09T13:23:16.002Z,177064339600200
"The admin approved the player ""ゴン02（江戸犬） @ AblUkPGGlZ"" participation with a stack of 2000.",2026-02-09T13:23:03.654Z,177064338365400
"The player ""ゴン02（江戸犬） @ AblUkPGGlZ"" requested a seat.",2026-02-09T13:23:03.139Z,177064338313900
"""arash! @ PB93yGRdRr"" bets 60",2026-02-09T13:22:58.650Z,177064337865000
"""Neku @ HZmCRZd6SG"" checks",2026-02-09T13:22:54.935Z,177064337493500
"Flop:  [3♣, 5♦, 6♦]",2026-02-09T13:22:48.926Z,177064336892600
"""arash! @ PB93yGRdRr"" calls 60",2026-02-09T13:22:48.120Z,177064336812000
"""Neku @ HZmCRZd6SG"" raises to 60",2026-02-09T13:22:37.814Z,177064335781400
"""engawa @ cCFXQyltQ-"" folds",2026-02-09T13:22:30.441Z,177064335044100
"""すとふぁ @ M4pyIQvfB9"" folds",2026-02-09T13:22:29.362Z,177064334936200
"""arash! @ PB93yGRdRr"" posts a big blind of 20",2026-02-09T13:22:26.316Z,177064334631608
"""Neku @ HZmCRZd6SG"" posts a small blind of 10",2026-02-09T13:22:26.316Z,177064334631607
"Player stacks: #1 ""engawa @ cCFXQyltQ-"" (2950) | #2 ""Neku @ HZmCRZd6SG"" (3050) | #6 ""arash! @ PB93yGRdRr"" (3000) | #9 ""すとふぁ @ M4pyIQvfB9"" (2500)",2026-02-09T13:22:26.316Z,177064334631602
"-- starting hand #2 (id: 5vxie6ywsmby)  No Limit Texas Hold'em (dealer: ""engawa @ cCFXQyltQ-"") --",2026-02-09T13:22:26.316Z,177064334631601
"The player ""arash! @ PB93yGRdRr"" joined the game with a stack of 3000.",2026-02-09T13:22:26.316Z,177064334631600
"-- ending hand #1 --",2026-02-09T13:22:23.362Z,177064334336202
"""Neku @ HZmCRZd6SG"" collected 100 from pot",2026-02-09T13:22:23.362Z,177064334336201
"Uncalled bet of 100 returned to ""Neku @ HZmCRZd6SG""",2026-02-09T13:22:23.362Z,177064334336200
"""engawa @ cCFXQyltQ-"" folds",2026-02-09T13:22:22.527Z,177064334252700
"""Neku @ HZmCRZd6SG"" raises to 150",2026-02-09T13:22:15.336Z,177064333533600
"The admin approved the player ""arash! @ PB93yGRdRr"" participation with a stack of 3000.",2026-02-09T13:22:10.119Z,177064333011900
"The player ""arash! @ PB93yGRdRr"" requested a seat.",2026-02-09T13:22:09.298Z,177064332929800
"""engawa @ cCFXQyltQ-"" raises to 50",2026-02-09T13:22:02.125Z,177064332212500
"""すとふぁ @ M4pyIQvfB9"" folds",2026-02-09T13:21:54.076Z,177064331407600
"""Neku @ HZmCRZd6SG"" posts a big blind of 20",2026-02-09T13:21:52.223Z,177064331222309
"""engawa @ cCFXQyltQ-"" posts a small blind of 10",2026-02-09T13:21:52.223Z,177064331222308
"Player stacks: #1 ""engawa @ cCFXQyltQ-"" (3000) | #2 ""Neku @ HZmCRZd6SG"" (3000) | #9 ""すとふぁ @ M4pyIQvfB9"" (2500)",2026-02-09T13:21:52.223Z,177064331222304
"The player ""すとふぁ @ M4pyIQvfB9"" joined the game with a stack of 2500.",2026-02-09T13:21:52.223Z,177064331222303
"The player ""Neku @ HZmCRZd6SG"" joined the game with a stack of 3000.",2026-02-09T13:21:52.223Z,177064331222302
"The player ""engawa @ cCFXQyltQ-"" joined the game with a stack of 3000.",2026-02-09T13:21:52.223Z,177064331222301
"-- starting hand #1 (id: wgwppo29chex)  No Limit Texas Hold'em (dealer: ""すとふぁ @ M4pyIQvfB9"") --",2026-02-09T13:21:52.223Z,177064331222300
"The admin approved the player ""すとふぁ @ M4pyIQvfB9"" participation with a stack of 2500.",2026-02-09T13:21:51.520Z,177064331152000
"The player ""すとふぁ @ M4pyIQvfB9"" requested a seat.",2026-02-09T13:21:50.688Z,177064331068800
"The admin approved the player ""engawa @ cCFXQyltQ-"" participation with a stack of 3000.",2026-02-09T13:21:40.331Z,177064330033100
"The player ""engawa @ cCFXQyltQ-"" requested a seat.",2026-02-09T13:21:39.440Z,177064329944000
"The admin approved the player ""Neku @ HZmCRZd6SG"" participation with a stack of 3000.",2026-02-09T13:21:32.267Z,177064329226700
"The player ""Neku @ HZmCRZd6SG"" requested a seat.",2026-02-09T13:21:31.437Z,177064329143700
"Game Config Changes
* Decision Limit Time: 20s » 100s
* Max Time Bank: 10s » 50s
* Allow Run it Twice: no » always
* Restart Blind Schedule at Level: none » 1",2026-02-09T13:21:05.843Z,177064326584300
"The player ""ノガード @ GgfRhPuspx"" passed the room ownership to ""Guest @ fXxZKORuuu"".",2026-02-09T13:21:03.942Z,177064326394200
